COIL,MT_FROM,MT_TO,DATE,DIF_TIPO_1,DIF_TIPO_2,DIF_TIPO_3,DIF_TIPO_4,DIF_TIPO_5,DIF_TIPO_6,coil_total_length,segment_length,pct_of_coil,any_defect
389523,0.0,599.0,2019-03-01,0,0,1,0,0,0,1457.0,599.0,41.11187371310913,0
389523,600.0,1457.0,2019-03-01,0,1,1,0,0,0,1457.0,857.0,58.819492107069316,0
389528,0.0,1399.0,2019-03-01,0,0,1,0,0,0,1539.0,1399.0,90.90318388564003,0
389528,1400.0,1539.0,2019-03-01,0,0,1,0,1,0,1539.0,139.0,9.03183885640026,0
389712,0.0,1374.0,2019-03-01,0,0,1,0,0,0,1374.0,1374.0,100.0,0
389916,3.0,790.0,2019-03-01,0,1,1,1,0,0,790.0,787.0,99.62025316455696,0
390020,1.0,1492.0,2019-03-01,0,0,1,0,0,0,1492.0,1491.0,99.93297587131367,0
390318,0.0,1396.0,2019-03-01,0,0,1,1,0,0,1396.0,1396.0,100.0,0
389110,0.0,2800.0,2019-03-04,0,0,1,1,0,0,2800.0,2800.0,100.0,0
391221,3.0,3029.0,2019-03-07,0,0,1,1,0,0,3029.0,3026.0,99.90095741168703,0
391629,0.0,1375.0,2019-03-07,0,0,0,1,0,0,1375.0,1375.0,100.0,0
391631,0.0,1129.0,2019-03-07,0,0,1,1,0,0,1129.0,1129.0,100.0,0
391939,0.0,600.0,2019-03-07,0,1,1,1,0,0,1429.0,600.0,41.98740377886634,0
391939,601.0,1429.0,2019-03-07,0,0,1,1,0,0,1429.0,828.0,57.94261721483554,0
391942,0.0,907.0,2019-03-07,0,0,1,0,0,0,907.0,907.0,100.0,0
392214,0.0,1364.0,2019-03-07,0,0,1,0,0,0,1364.0,1364.0,100.0,0
392216,0.0,1411.0,2019-03-07,0,0,1,0,0,0,1411.0,1411.0,100.0,0
392314,191.0,2124.0,2019-03-07,0,0,1,0,0,0,2124.0,1933.0,91.0075329566855,0
392315,2.0,1736.0,2019-03-07,0,0,1,0,0,0,1736.0,1734.0,99.88479262672811,0
392323,680.0,2567.0,2019-03-07,0,0,1,1,0,0,2567.0,1887.0,73.50993377483444,0
392324,0.0,2575.0,2019-03-07,0,1,1,0,0,0,2575.0,2575.0,100.0,0
392324,482.0,483.0,2019-03-07,0,1,1,0,1,0,2575.0,1.0,0.03883495145631068,0
392527,2.0,2148.0,2019-03-07,0,0,1,0,0,0,2148.0,2146.0,99.90689013035382,0
392633,0.0,1390.0,2019-03-07,0,0,1,1,0,0,1390.0,1390.0,100.0,0
392634,0.0,400.0,2019-03-07,0,0,1,1,0,0,1000.0,400.0,40.0,0
392634,401.0,1000.0,2019-03-07,0,0,1,0,0,0,1000.0,599.0,59.9,0
392824,8.0,2719.0,2019-03-07,0,0,1,1,0,0,2719.0,2711.0,99.70577418168445,0
393212,1.0,1388.0,2019-03-07,0,0,1,0,0,0,1388.0,1387.0,99.92795389048992,0
393213,76.0,714.0,2019-03-07,0,0,0,1,0,0,714.0,638.0,89.35574229691878,0
393215,6.0,2128.0,2019-03-07,0,1,1,0,0,0,2128.0,2122.0,99.71804511278195,0
393216,190.0,2154.0,2019-03-07,0,1,1,0,0,0,2154.0,1964.0,91.17920148560817,0
381326,2.0,2123.0,2019-03-09,1,0,1,1,0,0,2123.0,2121.0,99.9057936881771,0
389911,0.0,4377.0,2019-03-09,0,0,0,1,0,0,4377.0,4377.0,100.0,0
392413,0.0,1419.0,2019-03-09,0,0,1,1,0,0,1419.0,1419.0,100.0,0
392918,0.0,1393.0,2019-03-09,1,0,1,1,0,0,1393.0,1393.0,100.0,0
392929,0.0,2149.0,2019-03-09,1,0,1,1,0,0,2149.0,2149.0,100.0,0
391012,0.0,110.0,2019-03-10,1,0,0,1,0,0,1032.0,110.0,10.65891472868217,0
391012,111.0,1032.0,2019-03-10,0,0,0,1,0,0,1032.0,921.0,89.24418604651163,0
392316,0.0,2083.0,2019-03-10,0,0,0,1,0,0,2083.0,2083.0,100.0,0
392916,0.0,699.0,2019-03-10,0,0,1,1,0,0,699.0,699.0,100.0,0
392933,1.0,2156.0,2019-03-10,0,0,0,1,1,0,2156.0,2155.0,99.95361781076066,0
392941,0.0,979.0,2019-03-10,0,0,0,1,0,0,1369.0,979.0,71.51205259313367,0
392941,980.0,1369.0,2019-03-10,0,0,0,1,1,0,1369.0,389.0,28.41490138787436,0
392947,0.0,1415.0,2019-03-10,0,0,1,0,0,0,1415.0,1415.0,100.0,0
390015,0.0,898.0,2019-03-11,0,0,0,1,0,0,898.0,898.0,100.0,0
393516,0.0,1261.0,2019-03-11,0,0,0,1,0,0,1261.0,1261.0,100.0,0
393517,0.0,1382.0,2019-03-11,0,0,0,1,0,0,1382.0,1382.0,100.0,0
393532,0.0,1404.0,2019-03-11,0,0,0,1,0,0,1404.0,1404.0,100.0,0
393817,0.0,1526.0,2019-03-11,0,0,0,1,0,0,1526.0,1526.0,100.0,0
393831,2.0,2141.0,2019-03-11,0,0,0,1,0,0,2141.0,2139.0,99.90658570761326,0
393833,1.0,2124.0,2019-03-11,0,0,0,1,0,0,2124.0,2123.0,99.95291902071564,0
394628,0.0,2172.0,2019-03-11,0,1,1,1,0,0,2172.0,2172.0,100.0,0
390820,0.0,699.0,2019-03-12,1,0,1,1,0,0,699.0,699.0,100.0,0
390825,72.0,845.0,2019-03-12,0,0,1,1,0,0,845.0,773.0,91.4792899408284,0
390826,201.0,815.0,2019-03-12,0,0,1,1,0,0,815.0,614.0,75.33742331288343,0
390826,0.0,200.0,2019-03-12,1,0,1,1,0,0,815.0,200.0,24.539877300613497,0
391618,0.0,688.0,2019-03-12,0,0,1,1,0,0,688.0,688.0,100.0,0
393529,3.0,1419.0,2019-03-12,0,0,1,1,0,0,1419.0,1416.0,99.78858350951374,0
393530,0.0,1422.0,2019-03-12,0,0,1,1,0,0,1422.0,1422.0,100.0,0
393530,200.0,400.0,2019-03-12,1,0,1,1,0,0,1422.0,200.0,14.064697609001406,0
393531,0.0,1423.0,2019-03-12,0,0,1,1,0,0,1423.0,1423.0,100.0,0
394311,0.0,1048.0,2019-03-12,0,0,1,1,0,0,1048.0,1048.0,100.0,0
394322,0.0,1350.0,2019-03-12,0,0,1,0,0,0,1350.0,1350.0,100.0,0
394718,190.0,1530.0,2019-03-12,0,0,1,0,0,0,1530.0,1340.0,87.58169934640523,0
394721,1.0,1525.0,2019-03-12,0,0,1,1,0,0,1525.0,1524.0,99.9344262295082,0
383325,0.0,820.0,2019-03-13,0,0,1,0,0,0,820.0,820.0,100.0,0
394334,0.0,839.0,2019-03-13,0,0,1,1,0,0,2177.0,839.0,38.539274230592554,0
394334,840.0,2177.0,2019-03-13,0,1,1,1,0,0,2177.0,1337.0,61.41479099678456,0
394335,1901.0,2165.0,2019-03-13,0,0,1,1,0,0,2165.0,264.0,12.193995381062356,0
394335,1.0,1900.0,2019-03-13,0,1,1,1,0,0,2165.0,1899.0,87.7136258660508,0
394341,0.0,1473.0,2019-03-13,0,0,1,1,0,0,1473.0,1473.0,100.0,0
394622,118.0,1798.0,2019-03-13,0,1,1,0,0,0,1798.0,1680.0,93.43715239154616,0
394626,1.0,1473.0,2019-03-13,0,1,1,0,0,0,1473.0,1472.0,99.93211133740665,0
395212,0.0,1511.0,2019-03-13,0,1,1,0,0,0,1511.0,1511.0,100.0,0
395228,0.0,2105.0,2019-03-13,0,0,0,1,0,0,2105.0,2105.0,100.0,0
395245,1.0,995.0,2019-03-13,0,0,1,0,0,0,995.0,994.0,99.89949748743719,0
395245,500.0,655.0,2019-03-13,1,0,1,0,0,0,995.0,155.0,15.577889447236181,0
395324,0.0,1398.0,2019-03-13,0,0,1,1,0,0,1398.0,1398.0,100.0,0
395325,6.0,1359.0,2019-03-13,0,0,1,1,0,0,2060.0,1353.0,65.67961165048544,0
395325,1360.0,2060.0,2019-03-13,0,1,1,1,0,0,2060.0,700.0,33.980582524271846,0
395332,2.0,1845.0,2019-03-13,0,0,1,1,0,0,1845.0,1843.0,99.89159891598915,0
395410,0.0,1475.0,2019-03-13,0,1,1,0,0,0,1475.0,1475.0,100.0,0
386013,0.0,887.0,2019-03-14,0,0,1,1,0,0,887.0,887.0,100.0,0
390824,0.0,685.0,2019-03-14,1,0,1,1,0,0,685.0,685.0,100.0,0
393013,0.0,746.0,2019-03-14,0,0,1,0,0,0,746.0,746.0,100.0,0
393533,0.0,975.0,2019-03-14,1,0,1,1,0,0,975.0,975.0,100.0,0
394210,0.0,666.0,2019-03-14,0,0,1,1,0,0,666.0,666.0,100.0,0
394316,0.0,734.0,2019-03-14,1,0,1,1,0,0,734.0,734.0,100.0,0
394317,0.0,1802.0,2019-03-14,0,0,1,0,0,0,1802.0,1802.0,100.0,0
394321,0.0,1432.0,2019-03-14,0,0,1,0,0,0,1432.0,1432.0,100.0,0
394326,0.0,1336.0,2019-03-14,0,0,1,0,0,0,1336.0,1336.0,100.0,0
395223,0.0,1373.0,2019-03-14,0,0,1,0,0,0,1373.0,1373.0,100.0,0
392915,0.0,623.0,2019-03-15,0,0,1,1,0,0,623.0,623.0,100.0,0
393514,0.0,669.0,2019-03-15,0,0,1,1,0,0,669.0,669.0,100.0,0
394314,0.0,671.0,2019-03-15,0,0,1,1,0,0,671.0,671.0,100.0,0
394614,0.0,690.0,2019-03-15,0,0,1,1,0,0,690.0,690.0,100.0,0
394620,0.0,587.0,2019-03-15,0,0,1,1,0,0,587.0,587.0,100.0,0
384413,800.0,2118.0,2019-03-16,0,0,0,1,0,0,2118.0,1318.0,62.228517469310674,0
385021,3.0,4138.0,2019-03-16,0,0,1,1,0,0,4138.0,4135.0,99.9275012083132,0
388913,0.0,2094.0,2019-03-16,0,0,1,0,0,0,2094.0,2094.0,100.0,0
392220,1.0,1700.0,2019-03-16,0,0,0,1,0,0,1700.0,1699.0,99.94117647058823,0
394010,7.0,3316.0,2019-03-16,0,0,1,0,0,0,3316.0,3309.0,99.78890229191796,0
394023,2.0,2960.0,2019-03-16,0,0,1,0,0,0,2960.0,2958.0,99.93243243243242,0
394631,1.0,2109.0,2019-03-16,0,0,0,1,1,0,2109.0,2108.0,99.95258416311049,0
395226,0.0,1711.0,2019-03-16,0,0,0,1,0,0,1711.0,1711.0,100.0,0
395514,0.0,1795.0,2019-03-16,0,0,0,1,0,0,1795.0,1795.0,100.0,0
395732,0.0,1750.0,2019-03-16,0,0,0,1,0,0,1750.0,1750.0,100.0,0
396012,0.0,399.0,2019-03-16,1,0,0,0,0,0,1511.0,399.0,26.406353408338852,0
396012,400.0,1511.0,2019-03-16,1,1,0,0,0,0,1511.0,1111.0,73.52746525479816,0
396110,1.0,2532.0,2019-03-16,0,0,1,0,0,0,2532.0,2531.0,99.96050552922591,0
396111,1.0,3422.0,2019-03-16,0,0,1,0,0,0,3422.0,3421.0,99.97077732320281,0
396112,0.0,50.0,2019-03-16,0,1,0,1,1,0,2102.0,50.0,2.378686964795433,0
396112,51.0,2102.0,2019-03-16,0,1,0,1,0,0,2102.0,2051.0,97.57373929590865,0
396113,1.0,3415.0,2019-03-16,0,0,1,0,0,0,3415.0,3414.0,99.97071742313324,0
396515,1.0,1800.0,2019-03-16,0,0,1,0,0,0,1800.0,1799.0,99.94444444444444,0
394819,0.0,678.0,2019-03-17,1,0,1,1,0,0,678.0,678.0,100.0,0
395232,0.0,60.0,2019-03-17,0,1,0,1,0,0,1401.0,60.0,4.282655246252676,0
395232,61.0,1401.0,2019-03-17,0,0,0,1,0,0,1401.0,1340.0,95.64596716630977,0
395310,0.0,100.0,2019-03-17,0,1,1,0,0,0,1049.0,100.0,9.532888465204957,0
395310,101.0,1049.0,2019-03-17,0,0,1,0,0,0,1049.0,948.0,90.37178265014299,0
395319,0.0,1527.0,2019-03-17,0,0,1,0,0,0,1527.0,1527.0,100.0,0
395434,0.0,907.0,2019-03-17,0,0,1,0,0,0,907.0,907.0,100.0,0
395510,0.0,663.0,2019-03-17,1,0,1,1,0,0,663.0,663.0,100.0,0
395512,0.0,100.0,2019-03-17,0,1,0,1,0,0,1390.0,100.0,7.194244604316546,0
395512,101.0,1390.0,2019-03-17,0,0,0,1,0,0,1390.0,1289.0,92.7338129496403,0
395730,0.0,80.0,2019-03-17,0,1,0,0,0,0,80.0,80.0,100.0,0
396010,0.0,695.0,2019-03-17,1,0,1,1,0,0,695.0,695.0,100.0,0
382125,7.0,2230.0,2019-03-19,0,0,0,1,0,0,2230.0,2223.0,99.68609865470852,0
394623,0.0,1044.0,2019-03-19,1,0,1,1,0,0,1044.0,1044.0,100.0,0
395218,0.0,951.0,2019-03-19,1,0,1,1,0,0,951.0,951.0,100.0,0
395725,0.0,1149.0,2019-03-19,1,0,1,1,0,0,1149.0,1149.0,100.0,0
395726,215.0,227.0,2019-03-19,1,0,1,1,0,0,227.0,12.0,5.286343612334802,0
395728,0.0,1163.0,2019-03-19,1,0,1,1,0,0,1163.0,1163.0,100.0,0
396318,100.0,1027.0,2019-03-19,1,0,1,1,0,0,1027.0,927.0,90.26290165530672,0
396319,0.0,1007.0,2019-03-19,1,0,1,1,0,0,1007.0,1007.0,100.0,0
396411,0.0,990.0,2019-03-19,1,0,0,0,0,0,990.0,990.0,100.0,0
396412,0.0,1389.0,2019-03-19,0,0,0,0,1,0,1389.0,1389.0,100.0,0
396415,0.0,2858.0,2019-03-19,0,0,0,1,0,0,2858.0,2858.0,100.0,0
396430,1.0,2831.0,2019-03-19,0,0,0,1,0,0,2831.0,2830.0,99.96467679265277,0
397124,0.0,1438.0,2019-03-19,1,0,1,1,0,0,1438.0,1438.0,100.0,0
396613,2.0,1807.0,2019-03-20,0,1,1,1,0,0,1807.0,1805.0,99.88931931377975,0
385011,0.0,866.0,2019-03-21,0,1,0,1,0,0,866.0,866.0,100.0,0
393534,0.0,681.0,2019-03-24,0,0,1,1,0,0,681.0,681.0,100.0,0
395214,0.0,685.0,2019-03-24,0,0,1,0,0,0,685.0,685.0,100.0,0
395316,0.0,587.0,2019-03-24,0,0,1,0,0,0,587.0,587.0,100.0,0
395318,58.0,619.0,2019-03-24,0,0,1,0,0,0,619.0,561.0,90.63004846526655,0
396315,540.0,700.0,2019-03-24,0,1,1,0,0,0,780.0,160.0,20.51282051282051,0
396315,0.0,780.0,2019-03-24,0,0,1,0,0,0,780.0,780.0,100.0,0
396316,0.0,653.0,2019-03-24,0,0,1,0,0,0,653.0,653.0,100.0,0
396317,0.0,696.0,2019-03-24,0,0,1,0,0,0,696.0,696.0,100.0,0
397114,0.0,1378.0,2019-03-24,0,0,1,0,0,0,1378.0,1378.0,100.0,0
397115,0.0,1136.0,2019-03-24,0,0,1,0,0,0,1136.0,1136.0,100.0,0
397116,654.0,1085.0,2019-03-24,0,1,1,0,0,0,1085.0,431.0,39.723502304147466,0
397117,0.0,1148.0,2019-03-24,0,0,1,0,0,0,1148.0,1148.0,100.0,0
398614,0.0,1076.0,2019-03-24,0,1,1,0,0,0,1076.0,1076.0,100.0,0
398617,0.0,820.0,2019-03-24,0,0,1,0,0,0,820.0,820.0,100.0,0
398618,0.0,1058.0,2019-03-24,0,0,1,0,0,0,1058.0,1058.0,100.0,0
398619,22.0,883.0,2019-03-24,0,0,1,0,0,0,883.0,861.0,97.50849377123443,0
398920,0.0,320.0,2019-03-24,0,1,0,1,0,0,1041.0,320.0,30.739673390970225,0
398920,321.0,1041.0,2019-03-24,0,0,0,1,0,0,1041.0,720.0,69.164265129683,0
397118,0.0,1443.0,2019-03-26,0,0,1,0,0,0,1443.0,1443.0,100.0,0
397121,0.0,1448.0,2019-03-26,0,0,1,0,0,0,1448.0,1448.0,100.0,0
398620,0.0,1401.0,2019-03-26,0,0,1,1,0,0,1401.0,1401.0,100.0,0
400911,0.0,400.0,2019-03-26,0,0,1,0,1,0,1400.0,400.0,28.57142857142857,0
400911,401.0,1400.0,2019-03-26,0,0,1,0,0,0,1400.0,999.0,71.35714285714285,0
401810,0.0,2098.0,2019-03-26,0,0,1,0,0,0,2098.0,2098.0,100.0,0
401812,0.0,1385.0,2019-03-26,0,0,1,0,0,0,1385.0,1385.0,100.0,0
401813,450.0,2112.0,2019-03-26,0,0,0,1,0,0,2112.0,1662.0,78.69318181818183,0
401813,0.0,350.0,2019-03-26,0,0,1,0,0,0,2112.0,350.0,16.571969696969695,0
391614,0.0,958.0,2019-03-27,0,0,1,0,0,0,958.0,958.0,100.0,0
391625,0.0,885.0,2019-03-27,0,0,1,0,0,0,885.0,885.0,100.0,0
398526,1100.0,2515.0,2019-03-27,0,0,0,1,0,0,2515.0,1415.0,56.2624254473161,0
398815,2500.0,2600.0,2019-03-27,0,0,0,1,0,0,2600.0,100.0,3.8461538461538463,0
400014,0.0,649.0,2019-03-27,0,0,1,1,0,0,649.0,649.0,100.0,0
400015,0.0,1079.0,2019-03-27,0,0,1,0,0,0,1079.0,1079.0,100.0,0
400120,0.0,1072.0,2019-03-27,0,0,1,0,0,0,1072.0,1072.0,100.0,0
394732,0.0,684.0,2019-03-28,1,0,1,1,0,0,684.0,684.0,100.0,0
396611,0.0,683.0,2019-03-28,1,0,1,1,0,0,683.0,683.0,100.0,0
400011,0.0,675.0,2019-03-28,1,0,1,1,0,0,675.0,675.0,100.0,0
400310,230.0,250.0,2019-03-28,1,1,0,0,0,0,250.0,20.0,8.0,0
400310,177.0,229.0,2019-03-28,1,0,0,0,0,0,250.0,52.0,20.8,0
400310,0.0,176.0,2019-03-28,1,0,1,1,0,0,250.0,176.0,70.39999999999999,0
401431,0.0,1528.0,2019-03-30,0,1,1,0,0,0,1528.0,1528.0,100.0,0
403734,0.0,70.0,2019-03-30,0,1,1,0,0,0,1845.0,70.0,3.7940379403794036,0
403734,71.0,1845.0,2019-03-30,0,0,1,0,0,0,1845.0,1774.0,96.15176151761517,0
402032,0.0,2602.0,2019-03-31,0,0,0,0,1,0,2602.0,2602.0,100.0,0
403410,0.0,730.0,2019-03-31,1,0,0,0,0,0,730.0,730.0,100.0,0
402025,5.0,2232.0,2019-04-02,0,0,1,0,0,0,2232.0,2227.0,99.77598566308244,0
404115,0.0,1843.0,2019-04-02,0,0,1,0,0,0,1843.0,1843.0,100.0,0
405623,2.0,2111.0,2019-04-02,0,0,1,1,0,0,2111.0,2109.0,99.90525817148271,0
394613,0.0,1456.0,2019-04-03,0,0,0,1,0,0,1456.0,1456.0,100.0,0
396310,500.0,1416.0,2019-04-03,0,0,0,1,0,0,1416.0,916.0,64.68926553672316,0
397823,0.0,1547.0,2019-04-03,0,0,0,1,0,0,1547.0,1547.0,100.0,0
402116,0.0,2075.0,2019-04-03,0,0,1,0,0,0,2075.0,2075.0,100.0,0
403813,0.0,1375.0,2019-04-03,0,0,1,0,0,0,1375.0,1375.0,100.0,0
403913,0.0,1471.0,2019-04-03,0,0,0,1,0,0,1471.0,1471.0,100.0,0
403914,39.0,1474.0,2019-04-03,0,0,0,1,0,0,1474.0,1435.0,97.35413839891451,0
404711,0.0,1050.0,2019-04-03,0,0,1,0,0,0,1050.0,1050.0,100.0,0
404725,0.0,1416.0,2019-04-03,0,0,1,0,0,0,1416.0,1416.0,100.0,0
405612,0.0,1400.0,2019-04-03,0,0,1,0,0,0,1400.0,1400.0,100.0,0
405613,0.0,900.0,2019-04-03,0,0,1,0,0,0,900.0,900.0,100.0,0
405625,0.0,1727.0,2019-04-03,0,0,1,0,0,0,1727.0,1727.0,100.0,0
405813,0.0,1412.0,2019-04-03,0,0,1,0,0,0,1412.0,1412.0,100.0,0
405910,0.0,1070.0,2019-04-03,0,0,1,0,0,0,1070.0,1070.0,100.0,0
404613,0.0,911.0,2019-04-04,0,0,1,0,0,0,911.0,911.0,100.0,0
405926,0.0,1391.0,2019-04-04,0,0,1,1,0,0,1391.0,1391.0,100.0,0
391619,322.0,695.0,2019-04-05,0,0,0,1,0,0,695.0,373.0,53.669064748201436,0
403318,0.0,1083.0,2019-04-05,1,0,1,0,0,0,1083.0,1083.0,100.0,0
403337,0.0,1053.0,2019-04-05,0,0,1,0,0,0,1053.0,1053.0,100.0,0
403338,500.0,1015.0,2019-04-05,1,0,1,0,0,0,1015.0,515.0,50.73891625615764,0
403338,0.0,499.0,2019-04-05,0,0,1,0,0,0,1015.0,499.0,49.162561576354676,0
404717,68.0,78.0,2019-04-05,1,0,0,0,0,0,78.0,10.0,12.82051282051282,0
405814,0.0,711.0,2019-04-05,0,1,0,0,1,0,711.0,711.0,100.0,0
405823,0.0,1094.0,2019-04-05,0,0,1,0,0,0,1094.0,1094.0,100.0,0
405830,0.0,200.0,2019-04-05,1,0,1,0,0,0,1090.0,200.0,18.34862385321101,0
405830,201.0,1090.0,2019-04-05,0,0,1,0,0,0,1090.0,889.0,81.55963302752293,0
405830,250.0,350.0,2019-04-05,0,1,1,0,0,0,1090.0,100.0,9.174311926605505,0
405918,700.0,845.0,2019-04-05,0,1,0,0,1,0,845.0,145.0,17.159763313609467,0
405918,0.0,699.0,2019-04-05,0,0,0,0,1,0,845.0,699.0,82.72189349112426,0
405920,0.0,1142.0,2019-04-05,0,0,1,0,0,0,1142.0,1142.0,100.0,0
406916,0.0,961.0,2019-04-05,0,0,1,1,0,1,961.0,961.0,100.0,0
406925,0.0,100.0,2019-04-05,1,1,1,1,0,0,1415.0,100.0,7.06713780918728,0
406925,101.0,150.0,2019-04-05,1,0,1,0,0,0,1415.0,49.0,3.4628975265017665,0
406925,151.0,1415.0,2019-04-05,0,0,1,0,0,0,1415.0,1264.0,89.3286219081272,0
407117,0.0,2145.0,2019-04-05,0,0,1,0,0,0,2145.0,2145.0,100.0,0
403733,301.0,1802.0,2019-04-06,0,0,1,0,0,0,1802.0,1501.0,83.29633740288568,0
403733,1.0,300.0,2019-04-06,0,0,1,1,0,0,1802.0,299.0,16.592674805771367,0
404724,0.0,1368.0,2019-04-06,0,0,1,0,0,0,1368.0,1368.0,100.0,0
406920,181.0,197.0,2019-04-06,0,0,1,1,0,1,197.0,16.0,8.121827411167512,0
406921,221.0,449.0,2019-04-06,0,0,1,0,0,0,2142.0,228.0,10.644257703081232,0
406921,450.0,2142.0,2019-04-06,0,1,1,0,0,0,2142.0,1692.0,78.99159663865547,0
406924,0.0,700.0,2019-04-06,0,0,1,1,0,1,2212.0,700.0,31.645569620253166,0
406924,701.0,2212.0,2019-04-06,0,0,1,1,0,0,2212.0,1511.0,68.30922242314648,0
406926,0.0,1448.0,2019-04-06,0,0,1,0,0,0,1448.0,1448.0,100.0,0
407116,0.0,1422.0,2019-04-06,0,0,1,0,0,0,1422.0,1422.0,100.0,0
407120,0.0,1411.0,2019-04-06,0,0,1,0,0,0,1411.0,1411.0,100.0,0
407130,0.0,2181.0,2019-04-06,0,0,1,1,0,0,2181.0,2181.0,100.0,0
391623,0.0,1297.0,2019-04-07,0,0,1,0,0,0,1297.0,1297.0,100.0,0
406012,0.0,799.0,2019-04-07,0,0,1,1,0,0,1029.0,799.0,77.64820213799806,0
406012,800.0,1029.0,2019-04-07,0,0,1,1,1,0,1029.0,229.0,22.25461613216715,0
406429,0.0,2127.0,2019-04-07,0,0,1,0,0,0,2127.0,2127.0,100.0,0
406911,200.0,1912.0,2019-04-07,0,1,0,0,0,0,1912.0,1712.0,89.5397489539749,0
406917,0.0,867.0,2019-04-07,0,0,1,0,0,0,867.0,867.0,100.0,0
407113,0.0,90.0,2019-04-07,1,0,0,0,0,0,90.0,90.0,100.0,0
407132,350.0,877.0,2019-04-07,0,0,1,0,0,0,877.0,527.0,60.091220068415055,0
407135,0.0,2382.0,2019-04-07,0,0,1,0,0,0,2382.0,2382.0,100.0,0
407137,0.0,2934.0,2019-04-07,0,1,1,1,1,0,2934.0,2934.0,100.0,0
407414,0.0,1420.0,2019-04-07,0,0,1,0,0,0,1420.0,1420.0,100.0,0
407415,600.0,665.0,2019-04-07,0,1,1,1,0,0,1407.0,65.0,4.619758351101635,0
407415,0.0,1407.0,2019-04-07,0,0,1,1,0,0,1407.0,1407.0,100.0,0
407422,0.0,1046.0,2019-04-07,0,0,1,0,0,0,1046.0,1046.0,100.0,0
407423,0.0,2299.0,2019-04-07,0,0,1,0,0,0,2299.0,2299.0,100.0,0
404210,0.0,682.0,2019-04-08,0,0,1,1,0,0,682.0,682.0,100.0,0
405811,0.0,923.0,2019-04-08,0,0,1,1,0,0,923.0,923.0,100.0,0
405917,0.0,602.0,2019-04-08,1,0,1,1,0,0,602.0,602.0,100.0,0
406810,0.0,1039.0,2019-04-08,0,0,0,1,0,0,1039.0,1039.0,100.0,0
406812,0.0,1238.0,2019-04-08,0,0,0,0,1,0,1238.0,1238.0,100.0,0
406918,0.0,1507.0,2019-04-08,0,0,1,0,0,0,1507.0,1507.0,100.0,0
406927,0.0,1778.0,2019-04-08,0,0,0,1,1,0,1778.0,1778.0,100.0,0
406928,414.0,1403.0,2019-04-08,0,0,1,1,0,0,1403.0,989.0,70.49180327868852,0
406929,0.0,720.0,2019-04-08,0,1,1,0,0,0,1423.0,720.0,50.59732958538299,0
406929,721.0,1423.0,2019-04-08,0,0,1,0,0,0,1423.0,702.0,49.33239634574842,0
407011,0.0,684.0,2019-04-08,1,0,1,1,0,0,684.0,684.0,100.0,0
407012,30.0,131.0,2019-04-08,1,0,1,1,0,0,131.0,101.0,77.09923664122137,0
407119,0.0,2126.0,2019-04-08,0,1,1,0,0,0,2126.0,2126.0,100.0,0
407421,1.0,50.0,2019-04-08,0,1,1,0,0,0,1204.0,49.0,4.069767441860465,0
407421,51.0,1204.0,2019-04-08,0,0,1,0,0,0,1204.0,1153.0,95.7641196013289,0
407512,0.0,1417.0,2019-04-08,0,0,0,1,1,0,1417.0,1417.0,100.0,0
407818,0.0,1063.0,2019-04-08,0,0,1,0,0,0,1063.0,1063.0,100.0,0
407820,0.0,819.0,2019-04-08,0,0,1,1,0,0,912.0,819.0,89.80263157894737,0
407820,820.0,912.0,2019-04-08,0,0,1,1,1,0,912.0,92.0,10.087719298245613,0
408320,0.0,280.0,2019-04-08,1,0,1,1,0,0,1401.0,280.0,19.98572448251249,0
408320,1390.0,1401.0,2019-04-08,0,1,1,1,0,0,1401.0,11.0,0.7851534618129907,0
408320,281.0,1389.0,2019-04-08,0,0,1,1,0,0,1401.0,1108.0,79.08636688079943,0
408324,0.0,100.0,2019-04-08,1,0,0,0,0,0,100.0,100.0,100.0,0
406818,0.0,2704.0,2019-04-09,0,0,1,1,1,0,2704.0,2704.0,100.0,0
407210,1.0,759.0,2019-04-09,0,0,0,0,1,0,2201.0,758.0,34.438891412994096,0
407210,760.0,2201.0,2019-04-09,0,0,0,1,1,0,2201.0,1441.0,65.47024079963653,0
407212,0.0,2269.0,2019-04-09,0,0,0,1,1,0,2269.0,2269.0,100.0,0
410213,0.0,1517.0,2019-04-12,0,0,0,0,1,0,1517.0,1517.0,100.0,0
407910,0.0,2113.0,2019-04-13,0,0,1,1,0,0,2113.0,2113.0,100.0,0
409114,0.0,1546.0,2019-04-13,0,0,1,0,0,0,1546.0,1546.0,100.0,0
409116,2.0,2116.0,2019-04-13,0,0,1,0,1,0,2116.0,2114.0,99.9054820415879,0
409810,0.0,1458.0,2019-04-13,0,0,1,0,0,0,1458.0,1458.0,100.0,0
410011,0.0,1460.0,2019-04-13,0,0,1,0,0,0,1460.0,1460.0,100.0,0
367736,0.0,719.0,2019-04-14,0,0,1,0,0,0,719.0,719.0,100.0,0
406620,850.0,1200.0,2019-04-14,0,0,1,0,0,0,1200.0,350.0,29.166666666666668,0
409612,0.0,1058.0,2019-04-14,0,0,1,0,0,0,1058.0,1058.0,100.0,0
409614,0.0,696.0,2019-04-14,0,0,0,1,0,0,696.0,696.0,100.0,0
410010,0.0,550.0,2019-04-14,0,0,0,1,0,0,550.0,550.0,100.0,0
410417,0.0,270.0,2019-04-14,0,0,0,1,0,0,270.0,270.0,100.0,0
410447,0.0,1371.0,2019-04-14,0,0,1,0,0,0,1371.0,1371.0,100.0,0
411015,0.0,1511.0,2019-04-14,0,0,1,0,0,0,1511.0,1511.0,100.0,0
411021,0.0,1792.0,2019-04-14,0,0,1,1,0,0,1792.0,1792.0,100.0,0
407131,0.0,579.0,2019-04-15,0,0,1,0,0,0,1044.0,579.0,55.45977011494253,0
407131,580.0,1044.0,2019-04-15,1,0,1,0,0,0,1044.0,464.0,44.44444444444444,0
408329,1.0,2146.0,2019-04-15,0,0,1,0,0,0,2146.0,2145.0,99.95340167753962,0
410434,3.0,2121.0,2019-04-15,0,0,0,1,0,0,2121.0,2118.0,99.85855728429985,0
410441,0.0,1289.0,2019-04-15,0,0,1,0,0,0,1289.0,1289.0,100.0,0
411017,417.0,1411.0,2019-04-15,1,0,1,1,0,0,1411.0,994.0,70.44649184975195,0
411412,0.0,1169.0,2019-04-15,0,0,1,0,0,0,1169.0,1169.0,100.0,0
411713,0.0,1560.0,2019-04-15,0,0,1,0,0,0,1560.0,1560.0,100.0,0
412314,0.0,2573.0,2019-04-15,0,0,1,0,0,0,2573.0,2573.0,100.0,0
412511,0.0,1380.0,2019-04-15,0,0,1,0,0,0,1380.0,1380.0,100.0,0
412914,0.0,1033.0,2019-04-15,1,0,1,1,0,0,1033.0,1033.0,100.0,0
407127,3.0,1999.0,2019-04-16,0,0,1,0,0,0,2683.0,1996.0,74.39433469996273,0
407127,2000.0,2683.0,2019-04-16,0,0,1,1,0,0,2683.0,683.0,25.456578456951174,0
408325,800.0,2241.0,2019-04-16,0,0,0,1,0,0,2241.0,1441.0,64.301651048639,0
408326,0.0,2721.0,2019-04-16,0,0,0,1,0,0,2721.0,2721.0,100.0,0
408330,1.0,1510.0,2019-04-16,0,0,1,0,0,0,1510.0,1509.0,99.93377483443709,0
408910,0.0,2139.0,2019-04-16,0,0,1,1,0,0,2139.0,2139.0,100.0,0
409117,1.0,1200.0,2019-04-16,0,0,0,1,0,0,1200.0,1199.0,99.91666666666667,0
410411,3.0,2091.0,2019-04-16,0,0,1,1,0,0,2091.0,2088.0,99.85652797704448,0
410422,0.0,1412.0,2019-04-16,0,0,1,0,0,0,1412.0,1412.0,100.0,0
410424,119.0,1756.0,2019-04-16,0,0,1,0,0,0,1756.0,1637.0,93.22323462414579,0
410426,650.0,1800.0,2019-04-16,0,1,0,1,0,0,2556.0,1150.0,44.99217527386541,0
410426,2.0,2556.0,2019-04-16,0,0,0,1,0,0,2556.0,2554.0,99.92175273865415,0
410444,0.0,1458.0,2019-04-16,0,0,1,1,0,0,1458.0,1458.0,100.0,0
410712,3.0,2136.0,2019-04-16,0,0,1,0,0,0,2136.0,2133.0,99.85955056179775,0
411711,1.0,1891.0,2019-04-16,0,0,1,0,0,0,1891.0,1890.0,99.94711792702275,0
411712,0.0,1538.0,2019-04-16,0,0,1,0,0,0,1538.0,1538.0,100.0,0
412313,0.0,2602.0,2019-04-16,0,0,1,0,0,0,2602.0,2602.0,100.0,0
412316,0.0,2127.0,2019-04-16,0,0,1,1,0,0,2127.0,2127.0,100.0,0
412512,1.0,1913.0,2019-04-16,0,0,1,0,0,0,1913.0,1912.0,99.94772608468374,0
408735,0.0,2313.0,2019-04-18,0,0,1,1,0,0,2313.0,2313.0,100.0,0
411111,0.0,1024.0,2019-04-18,0,0,1,0,0,0,1024.0,1024.0,100.0,0
412023,0.0,1046.0,2019-04-18,0,0,1,0,0,0,1046.0,1046.0,100.0,0
412024,0.0,1055.0,2019-04-18,0,0,1,0,0,0,1055.0,1055.0,100.0,0
412410,351.0,1398.0,2019-04-18,0,0,1,0,0,0,1398.0,1047.0,74.89270386266095,0
412410,4.0,350.0,2019-04-18,1,0,1,0,0,0,1398.0,346.0,24.74964234620887,0
412411,2.0,2114.0,2019-04-18,0,0,1,1,0,0,2114.0,2112.0,99.90539262062441,0
412710,0.0,1031.0,2019-04-18,0,0,1,0,0,0,1031.0,1031.0,100.0,0
412711,0.0,1107.0,2019-04-18,0,0,1,1,0,0,1107.0,1107.0,100.0,0
413210,0.0,1444.0,2019-04-18,0,0,1,1,0,0,1444.0,1444.0,100.0,0
413311,0.0,1107.0,2019-04-18,0,0,1,1,0,0,1107.0,1107.0,100.0,0
413312,3.0,2091.0,2019-04-18,0,0,1,1,0,0,2091.0,2088.0,99.85652797704448,0
413313,1.0,2076.0,2019-04-18,0,1,1,1,0,0,2076.0,2075.0,99.95183044315993,0
407118,854.0,1480.0,2019-04-19,0,0,1,1,0,0,1480.0,626.0,42.2972972972973,0
410910,0.0,685.0,2019-04-19,0,0,1,0,0,0,685.0,685.0,100.0,0
411110,0.0,678.0,2019-04-19,0,0,1,0,0,0,678.0,678.0,100.0,0
413415,0.0,1055.0,2019-04-19,0,0,1,0,0,0,1055.0,1055.0,100.0,0
413417,0.0,390.0,2019-04-19,0,1,1,0,1,0,1403.0,390.0,27.797576621525305,0
413417,391.0,1403.0,2019-04-19,0,1,1,0,0,0,1403.0,1012.0,72.1311475409836,0
413421,4.0,2147.0,2019-04-19,0,1,1,1,0,0,2147.0,2143.0,99.81369352585003,0
413424,2.0,2099.0,2019-04-19,0,1,1,1,0,0,2099.0,2097.0,99.90471653168176,0
413425,4.0,649.0,2019-04-19,0,0,0,1,0,0,2092.0,645.0,30.83173996175908,0
413425,650.0,2092.0,2019-04-19,0,1,0,1,0,0,2092.0,1442.0,68.92925430210325,0
413924,1.0,1508.0,2019-04-19,0,0,1,0,0,0,1508.0,1507.0,99.93368700265252,0
413925,0.0,1542.0,2019-04-19,0,0,1,1,0,0,1542.0,1542.0,100.0,0
413944,0.0,1423.0,2019-04-19,0,0,1,1,0,0,1423.0,1423.0,100.0,0
413946,350.0,2163.0,2019-04-19,0,0,0,1,0,0,2163.0,1813.0,83.81877022653723,0
413948,0.0,1074.0,2019-04-19,0,0,1,0,0,0,1074.0,1074.0,100.0,0
413949,0.0,1420.0,2019-04-19,0,0,1,1,0,0,1420.0,1420.0,100.0,0
414336,0.0,1442.0,2019-04-19,0,0,1,1,0,0,1442.0,1442.0,100.0,0
414337,19.0,1455.0,2019-04-19,0,0,1,1,0,0,1455.0,1436.0,98.69415807560138,0
414338,0.0,1237.0,2019-04-19,0,0,1,0,1,0,1237.0,1237.0,100.0,0
414519,0.0,50.0,2019-04-19,0,0,1,0,1,0,1520.0,50.0,3.289473684210526,0
414519,51.0,1520.0,2019-04-19,0,0,1,0,0,0,1520.0,1469.0,96.64473684210526,0
414522,0.0,1059.0,2019-04-19,0,0,1,0,0,0,1059.0,1059.0,100.0,0
407311,500.0,614.0,2019-04-20,0,1,1,0,0,0,614.0,114.0,18.566775244299674,0
407311,450.0,499.0,2019-04-20,0,1,0,0,0,0,614.0,49.0,7.980456026058631,0
407313,251.0,826.0,2019-04-20,0,0,1,0,0,0,826.0,575.0,69.61259079903148,0
407313,0.0,250.0,2019-04-20,0,0,1,0,0,1,826.0,250.0,30.26634382566586,0
411138,0.0,687.0,2019-04-20,0,0,1,0,0,0,687.0,687.0,100.0,0
411139,0.0,680.0,2019-04-20,0,0,1,0,0,0,680.0,680.0,100.0,0
412010,0.0,611.0,2019-04-20,0,0,1,0,0,0,611.0,611.0,100.0,0
412022,0.0,587.0,2019-04-20,0,0,1,0,0,0,587.0,587.0,100.0,0
412918,320.0,558.0,2019-04-20,1,1,0,0,0,0,558.0,238.0,42.65232974910394,0
412918,90.0,319.0,2019-04-20,1,0,0,0,0,0,558.0,229.0,41.03942652329749,0
413414,0.0,1128.0,2019-04-20,0,0,1,0,0,0,1128.0,1128.0,100.0,0
413922,0.0,706.0,2019-04-20,0,0,1,0,0,0,706.0,706.0,100.0,0
413923,0.0,1523.0,2019-04-20,0,0,1,0,0,0,1523.0,1523.0,100.0,0
414324,3.0,2195.0,2019-04-20,0,0,1,1,0,0,2195.0,2192.0,99.86332574031891,0
414327,1.0,2176.0,2019-04-20,0,0,1,1,0,0,2176.0,2175.0,99.95404411764706,0
414331,0.0,2197.0,2019-04-20,0,0,1,1,0,0,2197.0,2197.0,100.0,0
414335,0.0,1447.0,2019-04-20,0,0,1,1,0,0,1447.0,1447.0,100.0,0
414517,0.0,1394.0,2019-04-20,0,0,1,0,0,0,1394.0,1394.0,100.0,0
414610,0.0,1504.0,2019-04-20,0,0,1,0,0,0,1504.0,1504.0,100.0,0
414611,0.0,980.0,2019-04-20,0,0,1,0,0,0,980.0,980.0,100.0,0
414713,2.0,1708.0,2019-04-20,0,0,1,1,0,0,1708.0,1706.0,99.88290398126463,0
414723,0.0,1797.0,2019-04-20,0,1,1,1,0,0,1797.0,1797.0,100.0,0
414728,0.0,1444.0,2019-04-20,0,0,1,0,0,0,1444.0,1444.0,100.0,0
415111,0.0,1260.0,2019-04-20,0,1,1,1,0,0,1910.0,1260.0,65.96858638743456,0
415111,531.0,1910.0,2019-04-20,0,0,1,1,0,0,1910.0,1379.0,72.19895287958114,0
412315,7.0,2314.0,2019-04-21,0,0,1,1,0,0,2314.0,2307.0,99.69749351771824,0
414539,3.0,2147.0,2019-04-21,0,0,1,0,0,0,2147.0,2144.0,99.86027014438751,0
415112,0.0,2269.0,2019-04-21,0,0,1,1,0,0,2269.0,2269.0,100.0,0
415823,2.0,1780.0,2019-04-21,0,0,1,1,0,0,1780.0,1778.0,99.8876404494382,0
415512,0.0,1660.0,2019-04-23,0,0,1,0,0,0,1660.0,1660.0,100.0,0
415824,1.0,1877.0,2019-04-23,0,0,1,0,0,0,1877.0,1876.0,99.94672349493872,0
410423,1.0,2115.0,2019-04-24,0,0,1,1,0,0,2115.0,2114.0,99.95271867612293,0
413950,0.0,1405.0,2019-04-24,0,0,1,1,0,0,1405.0,1405.0,100.0,0
414322,1100.0,1416.0,2019-04-24,0,0,1,0,0,0,1416.0,316.0,22.316384180790962,0
414325,683.0,2239.0,2019-04-24,0,0,1,1,0,0,2239.0,1556.0,69.49531040643144,0
414326,0.0,2212.0,2019-04-24,0,0,1,1,0,0,2212.0,2212.0,100.0,0
414332,1.0,2107.0,2019-04-24,0,0,1,1,0,0,2107.0,2106.0,99.95253915519696,0
414716,0.0,1300.0,2019-04-24,0,0,1,1,0,0,1513.0,1300.0,85.92200925313945,0
414716,1301.0,1513.0,2019-04-24,0,0,0,1,0,0,1513.0,212.0,14.011896893588895,0
414716,290.0,375.0,2019-04-24,1,0,1,1,0,0,1513.0,85.0,5.617977528089887,0
414717,430.0,1300.0,2019-04-24,0,0,1,1,0,0,2136.0,870.0,40.73033707865169,0
414717,1301.0,2136.0,2019-04-24,0,0,1,0,0,0,2136.0,835.0,39.09176029962546,0
414719,5.0,1787.0,2019-04-24,0,0,1,1,0,0,1787.0,1782.0,99.72020145495244,0
414721,5.0,2160.0,2019-04-24,0,0,1,1,0,0,2160.0,2155.0,99.76851851851852,0
414722,0.0,1267.0,2019-04-24,0,0,1,1,0,0,1267.0,1267.0,100.0,0
414725,0.0,1730.0,2019-04-24,0,0,1,1,0,0,1730.0,1730.0,100.0,0
414912,1.0,1917.0,2019-04-24,0,0,1,0,0,0,1917.0,1916.0,99.94783515910277,0
414914,0.0,2269.0,2019-04-24,0,0,1,0,0,0,2269.0,2269.0,100.0,0
415513,3.0,2275.0,2019-04-24,0,0,1,1,0,0,2275.0,2272.0,99.86813186813187,0
415514,1.0,2281.0,2019-04-24,0,0,1,0,0,0,2281.0,2280.0,99.95615957913196,0
415515,0.0,2239.0,2019-04-24,0,0,0,1,0,0,2239.0,2239.0,100.0,0
415827,0.0,2624.0,2019-04-24,0,0,1,0,0,0,2624.0,2624.0,100.0,0
413916,0.0,588.0,2019-04-25,0,0,1,0,0,0,588.0,588.0,100.0,0
414317,0.0,130.0,2019-04-25,0,1,0,0,1,0,958.0,130.0,13.569937369519833,0
414317,131.0,958.0,2019-04-25,0,0,0,0,1,0,958.0,827.0,86.32567849686848,0
415814,0.0,580.0,2019-04-25,0,0,1,1,1,0,580.0,580.0,100.0,0
414720,0.0,1389.0,2019-04-26,0,0,0,1,0,0,1389.0,1389.0,100.0,0
416316,0.0,1033.0,2019-04-27,0,1,1,0,0,0,1033.0,1033.0,100.0,0
417210,0.0,803.0,2019-04-27,0,0,0,1,0,0,803.0,803.0,100.0,0
417227,0.0,1225.0,2019-04-27,0,1,1,0,0,0,1225.0,1225.0,100.0,0
418319,0.0,1038.0,2019-04-27,0,0,1,0,0,0,1038.0,1038.0,100.0,0
418325,0.0,1083.0,2019-04-27,0,1,0,0,0,0,1083.0,1083.0,100.0,0
414718,0.0,788.0,2019-04-28,0,0,1,0,0,0,788.0,788.0,100.0,0
417226,0.0,1226.0,2019-04-28,0,0,1,0,0,0,1226.0,1226.0,100.0,0
417614,0.0,1536.0,2019-04-28,1,0,1,1,0,0,1536.0,1536.0,100.0,0
417815,1.0,1293.0,2019-04-28,1,0,0,0,0,0,1293.0,1292.0,99.92266047950503,0
418110,90.0,200.0,2019-04-28,1,0,0,0,0,0,200.0,110.0,55.00000000000001,0
418314,0.0,598.0,2019-04-28,0,0,1,0,0,0,598.0,598.0,100.0,0
418315,20.0,28.0,2019-04-28,0,0,1,0,0,0,28.0,8.0,28.57142857142857,0
418327,0.0,694.0,2019-04-28,0,0,1,0,0,0,694.0,694.0,100.0,0
418341,0.0,926.0,2019-04-28,0,0,1,0,0,0,926.0,926.0,100.0,0
418348,0.0,914.0,2019-04-28,0,0,1,0,0,0,914.0,914.0,100.0,0
418349,67.0,79.0,2019-04-28,0,1,1,0,0,0,79.0,12.0,15.18987341772152,0
418811,0.0,1533.0,2019-04-28,0,0,1,1,0,0,1533.0,1533.0,100.0,0
417610,0.0,839.0,2019-04-29,1,0,1,1,0,0,839.0,839.0,100.0,0
417611,0.0,1077.0,2019-04-29,0,0,1,1,0,0,1077.0,1077.0,100.0,0
417812,0.0,722.0,2019-04-29,0,0,1,0,0,0,722.0,722.0,100.0,0
417812,200.0,500.0,2019-04-29,0,1,1,0,0,0,722.0,300.0,41.55124653739612,0
417813,0.0,1081.0,2019-04-29,0,0,1,1,0,0,1081.0,1081.0,100.0,0
418111,1.0,1079.0,2019-04-29,0,0,1,1,0,0,1079.0,1078.0,99.90732159406858,0
418113,0.0,975.0,2019-04-29,0,1,1,1,0,0,975.0,975.0,100.0,0
418313,873.0,1071.0,2019-04-29,0,0,1,1,0,0,1071.0,198.0,18.487394957983195,0
413951,3.0,1800.0,2019-04-30,0,0,0,1,0,0,1800.0,1797.0,99.83333333333333,0
414339,0.0,1406.0,2019-04-30,0,0,1,0,0,0,1406.0,1406.0,100.0,0
418316,1.0,2198.0,2019-04-30,0,0,0,1,0,0,2198.0,2197.0,99.95450409463147,0
418317,1300.0,2179.0,2019-04-30,0,0,1,1,0,0,2179.0,879.0,40.33960532354291,0
418812,0.0,1505.0,2019-04-30,0,0,1,0,0,0,1505.0,1505.0,100.0,0
418816,0.0,1130.0,2019-04-30,0,0,1,0,0,0,1130.0,1130.0,100.0,0
418818,0.0,2173.0,2019-04-30,0,0,1,1,0,0,2173.0,2173.0,100.0,0
418819,0.0,1424.0,2019-04-30,0,0,1,1,0,0,1424.0,1424.0,100.0,0
418820,1.0,2153.0,2019-04-30,0,1,0,1,0,0,2153.0,2152.0,99.95355318160706,0
418820,401.0,1869.0,2019-04-30,0,0,0,1,0,0,2153.0,1468.0,68.18392940083604,0
418838,0.0,1098.0,2019-04-30,1,1,0,1,0,0,1098.0,1098.0,100.0,0
419214,0.0,893.0,2019-04-30,0,0,1,0,0,0,893.0,893.0,100.0,0
419215,60.0,60.0,2019-04-30,0,0,1,0,1,0,893.0,0.0,0.0,0
419215,44.0,893.0,2019-04-30,0,0,1,0,0,0,893.0,849.0,95.07278835386337,0
419218,0.0,1436.0,2019-04-30,0,0,1,0,0,0,1436.0,1436.0,100.0,0
419219,0.0,1384.0,2019-04-30,0,0,1,0,1,0,1384.0,1384.0,100.0,0
419220,0.0,2082.0,2019-04-30,0,0,0,1,0,0,2082.0,2082.0,100.0,0
419221,1.0,2193.0,2019-04-30,0,1,1,1,0,0,2193.0,2192.0,99.95440036479708,0
419223,0.0,2179.0,2019-04-30,0,0,0,1,0,0,2179.0,2179.0,100.0,0
419226,0.0,2030.0,2019-04-30,0,1,1,1,0,0,2030.0,2030.0,100.0,0
419230,101.0,1818.0,2019-04-30,0,0,0,1,0,0,1818.0,1717.0,94.44444444444444,0
419230,1.0,100.0,2019-04-30,0,1,0,1,0,0,1818.0,99.0,5.445544554455446,0
419234,0.0,1020.0,2019-04-30,0,0,1,0,0,0,1020.0,1020.0,100.0,0
419510,0.0,694.0,2019-04-30,0,0,1,0,0,0,694.0,694.0,100.0,0
419513,93.0,1061.0,2019-04-30,0,0,1,0,0,0,1061.0,968.0,91.23468426013194,0
419518,0.0,1020.0,2019-04-30,0,0,0,0,1,0,1020.0,1020.0,100.0,0
419519,0.0,1040.0,2019-04-30,0,0,1,0,0,0,1040.0,1040.0,100.0,0
420514,0.0,1904.0,2019-04-30,0,0,1,0,0,0,1904.0,1904.0,100.0,0
420517,0.0,1129.0,2019-04-30,0,0,1,0,0,0,1129.0,1129.0,100.0,0
419240,1800.0,2783.0,2019-05-02,0,0,1,1,1,0,2783.0,983.0,35.321595400646785,0
419240,1420.0,1799.0,2019-05-02,0,0,1,0,1,0,2783.0,379.0,13.618397412863818,0
419240,0.0,1419.0,2019-05-02,0,0,1,0,0,0,2783.0,1419.0,50.988142292490124,0
409331,0.0,930.0,2019-05-04,0,0,0,1,0,0,930.0,930.0,100.0,0
411212,0.0,330.0,2019-05-04,0,1,0,0,0,0,330.0,330.0,100.0,0
411245,0.0,813.0,2019-05-04,0,0,1,0,0,0,813.0,813.0,100.0,0
414210,0.0,0.0,2019-05-04,0,0,0,1,0,0,0.0,0.0,,0
418822,0.0,1028.0,2019-05-04,0,0,1,1,0,0,1028.0,1028.0,100.0,0
419711,92.0,699.0,2019-05-04,0,0,0,1,0,0,1320.0,607.0,45.984848484848484,0
419711,700.0,1320.0,2019-05-04,0,1,0,1,0,0,1320.0,620.0,46.96969696969697,0
420512,0.0,1028.0,2019-05-04,0,0,0,1,0,0,1028.0,1028.0,100.0,0
420518,0.0,1176.0,2019-05-04,0,0,1,0,0,0,1176.0,1176.0,100.0,0
421017,42.0,160.0,2019-05-04,0,0,0,1,0,0,160.0,118.0,73.75,0
421018,0.0,1059.0,2019-05-04,0,0,1,0,0,0,1059.0,1059.0,100.0,0
421019,0.0,1046.0,2019-05-04,0,0,0,1,0,0,1046.0,1046.0,100.0,0
399111,1.0,110.0,2019-05-06,1,0,0,0,0,0,110.0,109.0,99.0909090909091,0
416111,800.0,1049.0,2019-05-06,0,0,1,0,1,0,1049.0,249.0,23.736892278360344,0
416111,0.0,799.0,2019-05-06,0,0,0,0,1,0,1049.0,799.0,76.16777883698761,0
417711,0.0,120.0,2019-05-06,1,0,0,0,0,0,120.0,120.0,100.0,0
419217,563.0,1442.0,2019-05-06,0,0,1,0,0,0,1442.0,879.0,60.95700416088765,0
419237,51.0,2172.0,2019-05-06,0,0,1,0,0,0,2172.0,2121.0,97.65193370165746,0
419424,0.0,1778.0,2019-05-06,0,0,1,0,0,0,1778.0,1778.0,100.0,0
419538,810.0,1403.0,2019-05-06,1,0,0,0,0,0,1403.0,593.0,42.266571632216674,0
419922,0.0,2000.0,2019-05-06,0,0,1,1,0,0,2730.0,2000.0,73.26007326007326,0
419922,2001.0,2730.0,2019-05-06,0,0,1,0,0,0,2730.0,729.0,26.703296703296704,0
419932,0.0,2643.0,2019-05-06,0,0,1,1,0,0,2643.0,2643.0,100.0,0
420310,0.0,900.0,2019-05-06,0,0,1,0,1,0,1048.0,900.0,85.87786259541986,0
420310,901.0,1048.0,2019-05-06,0,0,0,0,1,0,1048.0,147.0,14.026717557251908,0
420311,0.0,1048.0,2019-05-06,0,0,1,0,1,0,1048.0,1048.0,100.0,0
420313,0.0,2600.0,2019-05-06,0,0,1,1,0,0,2600.0,2600.0,100.0,0
420411,264.0,1736.0,2019-05-06,0,0,1,0,0,0,1736.0,1472.0,84.7926267281106,0
420412,310.0,1437.0,2019-05-06,0,0,0,0,1,0,1437.0,1127.0,78.42727905358386,0
420913,750.0,1500.0,2019-05-06,0,0,0,1,0,0,1500.0,750.0,50.0,0
420914,0.0,1300.0,2019-05-06,0,0,1,0,0,1,2125.0,1300.0,61.1764705882353,0
420914,1301.0,2125.0,2019-05-06,0,0,1,0,0,0,2125.0,824.0,38.7764705882353,0
421111,0.0,1669.0,2019-05-06,0,0,1,0,0,0,1730.0,1669.0,96.47398843930635,0
421111,1670.0,1730.0,2019-05-06,0,0,1,0,1,0,1730.0,60.0,3.4682080924855487,0
420820,40.0,1150.0,2019-05-07,0,1,0,0,0,0,1150.0,1110.0,96.52173913043478,0
416717,0.0,2752.0,2019-05-08,0,0,1,0,0,0,2752.0,2752.0,100.0,0
419547,0.0,1800.0,2019-05-08,0,0,1,0,0,0,1800.0,1800.0,100.0,0
420516,0.0,669.0,2019-05-08,0,0,1,0,0,1,669.0,669.0,100.0,0
422133,1.0,1830.0,2019-05-08,0,0,1,0,0,0,1830.0,1829.0,99.94535519125684,0
422317,0.0,583.0,2019-05-08,1,0,1,0,0,1,583.0,583.0,100.0,0
422319,7.0,15.0,2019-05-08,0,0,1,0,0,1,15.0,8.0,53.333333333333336,0
422320,0.0,300.0,2019-05-08,1,0,1,0,0,1,679.0,300.0,44.18262150220913,0
422320,301.0,679.0,2019-05-08,0,0,1,0,0,1,679.0,378.0,55.670103092783506,0
422322,0.0,1505.0,2019-05-08,0,0,1,0,0,0,1505.0,1505.0,100.0,0
422323,0.0,1202.0,2019-05-08,0,0,1,0,1,0,1202.0,1202.0,100.0,0
422515,0.0,705.0,2019-05-08,0,0,1,0,0,1,705.0,705.0,100.0,0
422520,0.0,1713.0,2019-05-08,0,0,1,0,0,0,1713.0,1713.0,100.0,0
422521,0.0,1420.0,2019-05-08,0,0,1,0,0,0,1420.0,1420.0,100.0,0
422529,0.0,706.0,2019-05-08,0,0,1,0,0,1,706.0,706.0,100.0,0
422530,0.0,520.0,2019-05-08,0,0,1,0,0,1,591.0,520.0,87.9864636209814,0
422530,521.0,591.0,2019-05-08,0,0,1,0,0,0,591.0,70.0,11.844331641285956,0
422617,535.0,2201.0,2019-05-08,0,0,1,0,0,0,2201.0,1666.0,75.6928668786915,0
422618,0.0,2180.0,2019-05-08,0,0,1,0,0,0,2180.0,2180.0,100.0,0
422718,0.0,953.0,2019-05-08,1,0,1,0,0,0,953.0,953.0,100.0,0
422719,0.0,1759.0,2019-05-08,0,0,1,0,0,0,1759.0,1759.0,100.0,0
422720,0.0,1418.0,2019-05-08,0,0,1,0,1,0,1418.0,1418.0,100.0,0
422916,0.0,375.0,2019-05-08,1,0,1,0,0,1,828.0,375.0,45.289855072463766,0
422916,376.0,828.0,2019-05-08,0,0,1,0,0,1,828.0,452.0,54.589371980676326,0
422917,0.0,1060.0,2019-05-08,1,0,1,0,0,0,1060.0,1060.0,100.0,0
422917,250.0,700.0,2019-05-08,1,0,1,0,0,1,1060.0,450.0,42.45283018867924,0
422925,1.0,2144.0,2019-05-08,0,0,1,0,0,0,2144.0,2143.0,99.95335820895522,0
422717,0.0,1047.0,2019-05-10,0,0,1,1,0,1,1047.0,1047.0,100.0,0
422923,112.0,1088.0,2019-05-10,0,0,1,1,0,1,1088.0,976.0,89.70588235294117,0
422924,0.0,1072.0,2019-05-10,0,0,1,1,0,1,1072.0,1072.0,100.0,0
423219,3.0,846.0,2019-05-10,0,0,1,1,0,1,846.0,843.0,99.64539007092199,0
423414,0.0,1059.0,2019-05-10,0,0,1,0,0,1,1059.0,1059.0,100.0,0
424012,0.0,729.0,2019-05-10,0,0,1,1,0,0,1394.0,729.0,52.29555236728838,0
424012,730.0,1394.0,2019-05-10,0,0,1,1,1,0,1394.0,664.0,47.63271162123386,0
421912,0.0,1542.0,2019-05-11,0,0,1,1,0,1,1542.0,1542.0,100.0,0
422528,0.0,2174.0,2019-05-11,0,0,1,0,0,0,2174.0,2174.0,100.0,0
422528,305.0,306.0,2019-05-11,0,0,1,0,0,1,2174.0,1.0,0.045998160073597055,0
422915,0.0,90.0,2019-05-11,1,0,1,1,0,1,1091.0,90.0,8.249312557286894,0
422915,91.0,1091.0,2019-05-11,0,0,1,1,0,1,1091.0,1000.0,91.6590284142988,0
422918,0.0,1061.0,2019-05-11,0,0,1,0,0,0,1061.0,1061.0,100.0,0
423232,0.0,976.0,2019-05-11,0,0,1,1,0,1,976.0,976.0,100.0,0
423614,4.0,899.0,2019-05-11,0,0,1,1,0,1,1436.0,895.0,62.32590529247911,0
423614,900.0,1436.0,2019-05-11,1,0,1,1,0,1,1436.0,536.0,37.32590529247911,0
423615,0.0,1145.0,2019-05-11,0,1,1,1,0,0,1782.0,1145.0,64.25364758698092,0
423615,1146.0,1782.0,2019-05-11,0,0,1,1,0,0,1782.0,636.0,35.69023569023569,0
423618,0.0,2118.0,2019-05-11,0,0,1,1,0,0,2118.0,2118.0,100.0,0
423632,0.0,2611.0,2019-05-11,0,0,1,1,0,0,2611.0,2611.0,100.0,0
423715,0.0,851.0,2019-05-11,0,0,1,1,0,1,851.0,851.0,100.0,0
423716,184.0,1460.0,2019-05-11,0,0,1,1,0,0,1460.0,1276.0,87.3972602739726,0
423717,605.0,1444.0,2019-05-11,0,0,1,1,0,1,1444.0,839.0,58.102493074792235,0
423719,0.0,1425.0,2019-05-11,0,0,1,1,0,0,1425.0,1425.0,100.0,0
423731,0.0,1448.0,2019-05-11,0,0,1,0,0,0,1448.0,1448.0,100.0,0
423919,0.0,1773.0,2019-05-11,0,0,1,1,0,0,1773.0,1773.0,100.0,0
417413,0.0,674.0,2019-05-12,0,0,1,0,0,0,674.0,674.0,100.0,0
422347,0.0,1047.0,2019-05-12,0,0,1,0,0,0,1047.0,1047.0,100.0,0
422517,0.0,2155.0,2019-05-12,0,0,1,1,0,0,2155.0,2155.0,100.0,0
422712,0.0,1055.0,2019-05-12,0,0,1,0,0,0,1055.0,1055.0,100.0,0
422936,0.0,2218.0,2019-05-12,0,0,1,1,0,1,2218.0,2218.0,100.0,0
423226,0.0,2215.0,2019-05-12,0,0,1,1,0,1,2215.0,2215.0,100.0,0
423920,0.0,1418.0,2019-05-12,0,0,1,0,0,0,1418.0,1418.0,100.0,0
423922,0.0,2151.0,2019-05-12,0,0,1,1,0,0,2151.0,2151.0,100.0,0
423923,782.0,1435.0,2019-05-12,0,0,1,0,0,1,1435.0,653.0,45.505226480836235,0
423924,0.0,1777.0,2019-05-12,0,0,1,0,0,0,1777.0,1777.0,100.0,0
423924,170.0,230.0,2019-05-12,1,0,1,0,0,0,1777.0,60.0,3.376477208778841,0
424013,0.0,1400.0,2019-05-12,0,0,1,0,1,0,1400.0,1400.0,100.0,0
424019,38.0,2156.0,2019-05-12,0,0,1,1,0,0,2156.0,2118.0,98.23747680890537,0
424020,129.0,2179.0,2019-05-12,0,0,1,0,1,0,2179.0,2050.0,94.07985314364387,0
424023,0.0,2077.0,2019-05-12,0,0,1,0,0,0,2077.0,2077.0,100.0,0
424025,131.0,1835.0,2019-05-12,0,0,1,0,0,0,1835.0,1704.0,92.86103542234332,0
424026,1.0,2229.0,2019-05-12,0,0,1,1,1,0,2229.0,2228.0,99.95513683266039,0
424828,0.0,1403.0,2019-05-12,0,0,1,0,0,0,1403.0,1403.0,100.0,0
423217,231.0,1075.0,2019-05-13,0,0,1,1,0,0,1075.0,844.0,78.51162790697674,0
423217,0.0,230.0,2019-05-13,0,1,1,1,0,0,1075.0,230.0,21.3953488372093,0
423911,0.0,1506.0,2019-05-13,0,0,1,0,0,1,1506.0,1506.0,100.0,0
423935,64.0,479.0,2019-05-13,0,0,1,0,0,0,1040.0,415.0,39.90384615384615,0
423935,480.0,1040.0,2019-05-13,0,1,1,0,0,0,1040.0,560.0,53.84615384615385,0
424214,0.0,1549.0,2019-05-13,0,0,1,0,0,1,1549.0,1549.0,100.0,0
424222,0.0,1581.0,2019-05-13,0,0,1,0,0,1,1581.0,1581.0,100.0,0
424223,1.0,1540.0,2019-05-13,0,0,1,0,0,1,1540.0,1539.0,99.93506493506493,0
424225,0.0,2084.0,2019-05-13,0,0,1,0,1,0,2084.0,2084.0,100.0,0
424323,0.0,809.0,2019-05-13,0,0,1,0,0,0,809.0,809.0,100.0,0
425121,0.0,1479.0,2019-05-13,0,0,0,0,1,0,1479.0,1479.0,100.0,0
425123,0.0,1667.0,2019-05-13,0,0,1,0,0,1,1667.0,1667.0,100.0,0
424710,0.0,1535.0,2019-05-14,0,0,1,0,0,0,1535.0,1535.0,100.0,0
425012,0.0,200.0,2019-05-14,0,0,1,0,0,0,200.0,200.0,100.0,0
421317,0.0,822.0,2019-05-15,1,0,1,1,0,1,822.0,822.0,100.0,0
423914,250.0,694.0,2019-05-15,1,1,1,1,0,1,694.0,444.0,63.976945244956774,0
423914,0.0,249.0,2019-05-15,1,0,1,1,0,1,694.0,249.0,35.87896253602306,0
423918,0.0,1061.0,2019-05-15,0,0,1,0,0,1,1061.0,1061.0,100.0,0
423930,1.0,967.0,2019-05-15,1,0,1,1,0,1,967.0,966.0,99.8965873836608,0
423932,0.0,1223.0,2019-05-15,0,0,0,0,0,1,1223.0,1223.0,100.0,0
423934,0.0,1455.0,2019-05-15,0,0,1,0,0,1,1455.0,1455.0,100.0,0
424220,0.0,1554.0,2019-05-15,0,0,1,0,0,1,1554.0,1554.0,100.0,0
424221,1390.0,1567.0,2019-05-15,0,0,0,0,0,1,1567.0,177.0,11.295469049138482,0
424224,1.0,1554.0,2019-05-15,0,0,1,0,0,0,1554.0,1553.0,99.93564993564993,0
424529,3.0,2202.0,2019-05-15,0,0,0,1,0,1,2202.0,2199.0,99.86376021798365,0
424810,0.0,1083.0,2019-05-15,1,0,1,1,0,0,1083.0,1083.0,100.0,0
425010,0.0,1068.0,2019-05-15,1,0,1,1,0,1,1068.0,1068.0,100.0,0
425011,0.0,995.0,2019-05-15,1,0,1,1,0,1,995.0,995.0,100.0,0
425111,1.0,1329.0,2019-05-15,0,0,1,0,0,1,1329.0,1328.0,99.9247554552295,0
425120,2.0,1518.0,2019-05-15,0,0,1,0,0,0,1518.0,1516.0,99.86824769433466,0
426151,0.0,1374.0,2019-05-15,0,0,1,0,0,0,1374.0,1374.0,100.0,0
426152,0.0,2518.0,2019-05-15,0,0,1,0,0,1,2518.0,2518.0,100.0,0
426213,0.0,1408.0,2019-05-15,0,0,1,0,0,1,1408.0,1408.0,100.0,0
424016,0.0,1941.0,2019-05-16,0,1,1,1,0,0,1941.0,1941.0,100.0,0
424313,0.0,1370.0,2019-05-16,0,0,1,0,0,0,1370.0,1370.0,100.0,0
424712,1.0,889.0,2019-05-16,0,0,1,1,0,0,1059.0,888.0,83.85269121813032,0
424712,890.0,1059.0,2019-05-16,0,1,1,1,0,0,1059.0,169.0,15.958451369216242,0
425612,0.0,2055.0,2019-05-16,0,0,1,1,0,0,2055.0,2055.0,100.0,0
426214,0.0,292.0,2019-05-16,0,0,1,0,0,0,292.0,292.0,100.0,0
