COIL,MT_FROM,MT_TO,DATE,DIF_TIPO_1,DIF_TIPO_2,DIF_TIPO_3,DIF_TIPO_4,DIF_TIPO_5,DIF_TIPO_6
389523,0.000000,599.000000,"2019-03-01","0","0","1","0","0","0"
389523,600.000000,1457.000000,"2019-03-01","0","1","1","0","0","0"
389528,0.000000,1399.000000,"2019-03-01","0","0","1","0","0","0"
389528,1400.000000,1539.000000,"2019-03-01","0","0","1","0","1","0"
389712,0.000000,1374.000000,"2019-03-01","0","0","1","0","0","0"
389916,3.000000,790.000000,"2019-03-01","0","1","1","1","0","0"
390020,1.000000,1492.000000,"2019-03-01","0","0","1","0","0","0"
390318,0.000000,1396.000000,"2019-03-01","0","0","1","1","0","0"
389110,0.000000,2800.000000,"2019-03-04","0","0","1","1","0","0"
391221,3.000000,3029.000000,"2019-03-07","0","0","1","1","0","0"
391629,0.000000,1375.000000,"2019-03-07","0","0","0","1","0","0"
391631,0.000000,1129.000000,"2019-03-07","0","0","1","1","0","0"
391939,0.000000,600.000000,"2019-03-07","0","1","1","1","0","0"
391939,601.000000,1429.000000,"2019-03-07","0","0","1","1","0","0"
391942,0.000000,907.000000,"2019-03-07","0","0","1","0","0","0"
392214,0.000000,1364.000000,"2019-03-07","0","0","1","0","0","0"
392216,0.000000,1411.000000,"2019-03-07","0","0","1","0","0","0"
392314,191.000000,2124.000000,"2019-03-07","0","0","1","0","0","0"
392315,2.000000,1736.000000,"2019-03-07","0","0","1","0","0","0"
392323,680.000000,2567.000000,"2019-03-07","0","0","1","1","0","0"
392324,0.000000,2575.000000,"2019-03-07","0","1","1","0","0","0"
392324,482.000000,483.000000,"2019-03-07","0","1","1","0","1","0"
392527,2.000000,2148.000000,"2019-03-07","0","0","1","0","0","0"
392633,0.000000,1390.000000,"2019-03-07","0","0","1","1","0","0"
392634,0.000000,400.000000,"2019-03-07","0","0","1","1","0","0"
392634,401.000000,1000.000000,"2019-03-07","0","0","1","0","0","0"
392824,8.000000,2719.000000,"2019-03-07","0","0","1","1","0","0"
393212,1.000000,1388.000000,"2019-03-07","0","0","1","0","0","0"
393213,76.000000,714.000000,"2019-03-07","0","0","0","1","0","0"
393215,6.000000,2128.000000,"2019-03-07","0","1","1","0","0","0"
393216,190.000000,2154.000000,"2019-03-07","0","1","1","0","0","0"
381326,2.000000,2123.000000,"2019-03-09","1","0","1","1","0","0"
389911,0.000000,4377.000000,"2019-03-09","0","0","0","1","0","0"
392413,0.000000,1419.000000,"2019-03-09","0","0","1","1","0","0"
392918,0.000000,1393.000000,"2019-03-09","1","0","1","1","0","0"
392929,0.000000,2149.000000,"2019-03-09","1","0","1","1","0","0"
391012,0.000000,110.000000,"2019-03-10","1","0","0","1","0","0"
391012,111.000000,1032.000000,"2019-03-10","0","0","0","1","0","0"
392316,0.000000,2083.000000,"2019-03-10","0","0","0","1","0","0"
392916,0.000000,699.000000,"2019-03-10","0","0","1","1","0","0"
392933,1.000000,2156.000000,"2019-03-10","0","0","0","1","1","0"
392941,0.000000,979.000000,"2019-03-10","0","0","0","1","0","0"
392941,980.000000,1369.000000,"2019-03-10","0","0","0","1","1","0"
392947,0.000000,1415.000000,"2019-03-10","0","0","1","0","0","0"
390015,0.000000,898.000000,"2019-03-11","0","0","0","1","0","0"
393516,0.000000,1261.000000,"2019-03-11","0","0","0","1","0","0"
393517,0.000000,1382.000000,"2019-03-11","0","0","0","1","0","0"
393532,0.000000,1404.000000,"2019-03-11","0","0","0","1","0","0"
393817,0.000000,1526.000000,"2019-03-11","0","0","0","1","0","0"
393831,2.000000,2141.000000,"2019-03-11","0","0","0","1","0","0"
393833,1.000000,2124.000000,"2019-03-11","0","0","0","1","0","0"
394628,0.000000,2172.000000,"2019-03-11","0","1","1","1","0","0"
390820,0.000000,699.000000,"2019-03-12","1","0","1","1","0","0"
390825,72.000000,845.000000,"2019-03-12","0","0","1","1","0","0"
390826,201.000000,815.000000,"2019-03-12","0","0","1","1","0","0"
390826,0.000000,200.000000,"2019-03-12","1","0","1","1","0","0"
391618,0.000000,688.000000,"2019-03-12","0","0","1","1","0","0"
393529,3.000000,1419.000000,"2019-03-12","0","0","1","1","0","0"
393530,0.000000,1422.000000,"2019-03-12","0","0","1","1","0","0"
393530,200.000000,400.000000,"2019-03-12","1","0","1","1","0","0"
393531,0.000000,1423.000000,"2019-03-12","0","0","1","1","0","0"
394311,0.000000,1048.000000,"2019-03-12","0","0","1","1","0","0"
394322,0.000000,1350.000000,"2019-03-12","0","0","1","0","0","0"
394718,190.000000,1530.000000,"2019-03-12","0","0","1","0","0","0"
394721,1.000000,1525.000000,"2019-03-12","0","0","1","1","0","0"
383325,0.000000,820.000000,"2019-03-13","0","0","1","0","0","0"
394334,0.000000,839.000000,"2019-03-13","0","0","1","1","0","0"
394334,840.000000,2177.000000,"2019-03-13","0","1","1","1","0","0"
394335,1901.000000,2165.000000,"2019-03-13","0","0","1","1","0","0"
394335,1.000000,1900.000000,"2019-03-13","0","1","1","1","0","0"
394341,0.000000,1473.000000,"2019-03-13","0","0","1","1","0","0"
394622,118.000000,1798.000000,"2019-03-13","0","1","1","0","0","0"
394626,1.000000,1473.000000,"2019-03-13","0","1","1","0","0","0"
395212,0.000000,1511.000000,"2019-03-13","0","1","1","0","0","0"
395228,0.000000,2105.000000,"2019-03-13","0","0","0","1","0","0"
395245,1.000000,995.000000,"2019-03-13","0","0","1","0","0","0"
395245,500.000000,655.000000,"2019-03-13","1","0","1","0","0","0"
395324,0.000000,1398.000000,"2019-03-13","0","0","1","1","0","0"
395325,6.000000,1359.000000,"2019-03-13","0","0","1","1","0","0"
395325,1360.000000,2060.000000,"2019-03-13","0","1","1","1","0","0"
395332,2.000000,1845.000000,"2019-03-13","0","0","1","1","0","0"
395410,0.000000,1475.000000,"2019-03-13","0","1","1","0","0","0"
386013,0.000000,887.000000,"2019-03-14","0","0","1","1","0","0"
390824,0.000000,685.000000,"2019-03-14","1","0","1","1","0","0"
393013,0.000000,746.000000,"2019-03-14","0","0","1","0","0","0"
393533,0.000000,975.000000,"2019-03-14","1","0","1","1","0","0"
394210,0.000000,666.000000,"2019-03-14","0","0","1","1","0","0"
394316,0.000000,734.000000,"2019-03-14","1","0","1","1","0","0"
394317,0.000000,1802.000000,"2019-03-14","0","0","1","0","0","0"
394321,0.000000,1432.000000,"2019-03-14","0","0","1","0","0","0"
394326,0.000000,1336.000000,"2019-03-14","0","0","1","0","0","0"
395223,0.000000,1373.000000,"2019-03-14","0","0","1","0","0","0"
392915,0.000000,623.000000,"2019-03-15","0","0","1","1","0","0"
393514,0.000000,669.000000,"2019-03-15","0","0","1","1","0","0"
394314,0.000000,671.000000,"2019-03-15","0","0","1","1","0","0"
394614,0.000000,690.000000,"2019-03-15","0","0","1","1","0","0"
394620,0.000000,587.000000,"2019-03-15","0","0","1","1","0","0"
384413,800.000000,2118.000000,"2019-03-16","0","0","0","1","0","0"
385021,3.000000,4138.000000,"2019-03-16","0","0","1","1","0","0"
388913,0.000000,2094.000000,"2019-03-16","0","0","1","0","0","0"
392220,1.000000,1700.000000,"2019-03-16","0","0","0","1","0","0"
394010,7.000000,3316.000000,"2019-03-16","0","0","1","0","0","0"
394023,2.000000,2960.000000,"2019-03-16","0","0","1","0","0","0"
394631,1.000000,2109.000000,"2019-03-16","0","0","0","1","1","0"
395226,0.000000,1711.000000,"2019-03-16","0","0","0","1","0","0"
395514,0.000000,1795.000000,"2019-03-16","0","0","0","1","0","0"
395732,0.000000,1750.000000,"2019-03-16","0","0","0","1","0","0"
396012,0.000000,399.000000,"2019-03-16","1","0","0","0","0","0"
396012,400.000000,1511.000000,"2019-03-16","1","1","0","0","0","0"
396110,1.000000,2532.000000,"2019-03-16","0","0","1","0","0","0"
396111,1.000000,3422.000000,"2019-03-16","0","0","1","0","0","0"
396112,0.000000,50.000000,"2019-03-16","0","1","0","1","1","0"
396112,51.000000,2102.000000,"2019-03-16","0","1","0","1","0","0"
396113,1.000000,3415.000000,"2019-03-16","0","0","1","0","0","0"
396515,1.000000,1800.000000,"2019-03-16","0","0","1","0","0","0"
394819,0.000000,678.000000,"2019-03-17","1","0","1","1","0","0"
395232,0.000000,60.000000,"2019-03-17","0","1","0","1","0","0"
395232,61.000000,1401.000000,"2019-03-17","0","0","0","1","0","0"
395310,0.000000,100.000000,"2019-03-17","0","1","1","0","0","0"
395310,101.000000,1049.000000,"2019-03-17","0","0","1","0","0","0"
395319,0.000000,1527.000000,"2019-03-17","0","0","1","0","0","0"
395434,0.000000,907.000000,"2019-03-17","0","0","1","0","0","0"
395510,0.000000,663.000000,"2019-03-17","1","0","1","1","0","0"
395512,0.000000,100.000000,"2019-03-17","0","1","0","1","0","0"
395512,101.000000,1390.000000,"2019-03-17","0","0","0","1","0","0"
395730,0.000000,80.000000,"2019-03-17","0","1","0","0","0","0"
396010,0.000000,695.000000,"2019-03-17","1","0","1","1","0","0"
382125,7.000000,2230.000000,"2019-03-19","0","0","0","1","0","0"
394623,0.000000,1044.000000,"2019-03-19","1","0","1","1","0","0"
395218,0.000000,951.000000,"2019-03-19","1","0","1","1","0","0"
395725,0.000000,1149.000000,"2019-03-19","1","0","1","1","0","0"
395726,215.000000,227.000000,"2019-03-19","1","0","1","1","0","0"
395728,0.000000,1163.000000,"2019-03-19","1","0","1","1","0","0"
396318,100.000000,1027.000000,"2019-03-19","1","0","1","1","0","0"
396319,0.000000,1007.000000,"2019-03-19","1","0","1","1","0","0"
396411,0.000000,990.000000,"2019-03-19","1","0","0","0","0","0"
396412,0.000000,1389.000000,"2019-03-19","0","0","0","0","1","0"
396415,0.000000,2858.000000,"2019-03-19","0","0","0","1","0","0"
396430,1.000000,2831.000000,"2019-03-19","0","0","0","1","0","0"
397124,0.000000,1438.000000,"2019-03-19","1","0","1","1","0","0"
396613,2.000000,1807.000000,"2019-03-20","0","1","1","1","0","0"
385011,0.000000,866.000000,"2019-03-21","0","1","0","1","0","0"
393534,0.000000,681.000000,"2019-03-24","0","0","1","1","0","0"
395214,0.000000,685.000000,"2019-03-24","0","0","1","0","0","0"
395316,0.000000,587.000000,"2019-03-24","0","0","1","0","0","0"
395318,58.000000,619.000000,"2019-03-24","0","0","1","0","0","0"
396315,540.000000,700.000000,"2019-03-24","0","1","1","0","0","0"
396315,0.000000,780.000000,"2019-03-24","0","0","1","0","0","0"
396316,0.000000,653.000000,"2019-03-24","0","0","1","0","0","0"
396317,0.000000,696.000000,"2019-03-24","0","0","1","0","0","0"
397114,0.000000,1378.000000,"2019-03-24","0","0","1","0","0","0"
397115,0.000000,1136.000000,"2019-03-24","0","0","1","0","0","0"
397116,654.000000,1085.000000,"2019-03-24","0","1","1","0","0","0"
397117,0.000000,1148.000000,"2019-03-24","0","0","1","0","0","0"
398614,0.000000,1076.000000,"2019-03-24","0","1","1","0","0","0"
398617,0.000000,820.000000,"2019-03-24","0","0","1","0","0","0"
398618,0.000000,1058.000000,"2019-03-24","0","0","1","0","0","0"
398619,22.000000,883.000000,"2019-03-24","0","0","1","0","0","0"
398920,0.000000,320.000000,"2019-03-24","0","1","0","1","0","0"
398920,321.000000,1041.000000,"2019-03-24","0","0","0","1","0","0"
397118,0.000000,1443.000000,"2019-03-26","0","0","1","0","0","0"
397121,0.000000,1448.000000,"2019-03-26","0","0","1","0","0","0"
398620,0.000000,1401.000000,"2019-03-26","0","0","1","1","0","0"
400911,0.000000,400.000000,"2019-03-26","0","0","1","0","1","0"
400911,401.000000,1400.000000,"2019-03-26","0","0","1","0","0","0"
401810,0.000000,2098.000000,"2019-03-26","0","0","1","0","0","0"
401812,0.000000,1385.000000,"2019-03-26","0","0","1","0","0","0"
401813,450.000000,2112.000000,"2019-03-26","0","0","0","1","0","0"
401813,0.000000,350.000000,"2019-03-26","0","0","1","0","0","0"
391614,0.000000,958.000000,"2019-03-27","0","0","1","0","0","0"
391625,0.000000,885.000000,"2019-03-27","0","0","1","0","0","0"
398526,1100.000000,2515.000000,"2019-03-27","0","0","0","1","0","0"
398815,2500.000000,2600.000000,"2019-03-27","0","0","0","1","0","0"
400014,0.000000,649.000000,"2019-03-27","0","0","1","1","0","0"
400015,0.000000,1079.000000,"2019-03-27","0","0","1","0","0","0"
400120,0.000000,1072.000000,"2019-03-27","0","0","1","0","0","0"
394732,0.000000,684.000000,"2019-03-28","1","0","1","1","0","0"
396611,0.000000,683.000000,"2019-03-28","1","0","1","1","0","0"
400011,0.000000,675.000000,"2019-03-28","1","0","1","1","0","0"
400310,230.000000,250.000000,"2019-03-28","1","1","0","0","0","0"
400310,177.000000,229.000000,"2019-03-28","1","0","0","0","0","0"
400310,0.000000,176.000000,"2019-03-28","1","0","1","1","0","0"
401431,0.000000,1528.000000,"2019-03-30","0","1","1","0","0","0"
403734,0.000000,70.000000,"2019-03-30","0","1","1","0","0","0"
403734,71.000000,1845.000000,"2019-03-30","0","0","1","0","0","0"
402032,0.000000,2602.000000,"2019-03-31","0","0","0","0","1","0"
403410,0.000000,730.000000,"2019-03-31","1","0","0","0","0","0"
402025,5.000000,2232.000000,"2019-04-02","0","0","1","0","0","0"
404115,0.000000,1843.000000,"2019-04-02","0","0","1","0","0","0"
405623,2.000000,2111.000000,"2019-04-02","0","0","1","1","0","0"
394613,0.000000,1456.000000,"2019-04-03","0","0","0","1","0","0"
396310,500.000000,1416.000000,"2019-04-03","0","0","0","1","0","0"
397823,0.000000,1547.000000,"2019-04-03","0","0","0","1","0","0"
402116,0.000000,2075.000000,"2019-04-03","0","0","1","0","0","0"
403813,0.000000,1375.000000,"2019-04-03","0","0","1","0","0","0"
403913,0.000000,1471.000000,"2019-04-03","0","0","0","1","0","0"
403914,39.000000,1474.000000,"2019-04-03","0","0","0","1","0","0"
404711,0.000000,1050.000000,"2019-04-03","0","0","1","0","0","0"
404725,0.000000,1416.000000,"2019-04-03","0","0","1","0","0","0"
405612,0.000000,1400.000000,"2019-04-03","0","0","1","0","0","0"
405613,0.000000,900.000000,"2019-04-03","0","0","1","0","0","0"
405625,0.000000,1727.000000,"2019-04-03","0","0","1","0","0","0"
405813,0.000000,1412.000000,"2019-04-03","0","0","1","0","0","0"
405910,0.000000,1070.000000,"2019-04-03","0","0","1","0","0","0"
404613,0.000000,911.000000,"2019-04-04","0","0","1","0","0","0"
405926,0.000000,1391.000000,"2019-04-04","0","0","1","1","0","0"
391619,322.000000,695.000000,"2019-04-05","0","0","0","1","0","0"
403318,0.000000,1083.000000,"2019-04-05","1","0","1","0","0","0"
403337,0.000000,1053.000000,"2019-04-05","0","0","1","0","0","0"
403338,500.000000,1015.000000,"2019-04-05","1","0","1","0","0","0"
403338,0.000000,499.000000,"2019-04-05","0","0","1","0","0","0"
404717,68.000000,78.000000,"2019-04-05","1","0","0","0","0","0"
405814,0.000000,711.000000,"2019-04-05","0","1","0","0","1","0"
405823,0.000000,1094.000000,"2019-04-05","0","0","1","0","0","0"
405830,0.000000,200.000000,"2019-04-05","1","0","1","0","0","0"
405830,201.000000,1090.000000,"2019-04-05","0","0","1","0","0","0"
405830,250.000000,350.000000,"2019-04-05","0","1","1","0","0","0"
405918,700.000000,845.000000,"2019-04-05","0","1","0","0","1","0"
405918,0.000000,699.000000,"2019-04-05","0","0","0","0","1","0"
405920,0.000000,1142.000000,"2019-04-05","0","0","1","0","0","0"
406916,0.000000,961.000000,"2019-04-05","0","0","1","1","0","1"
406925,0.000000,100.000000,"2019-04-05","1","1","1","1","0","0"
406925,101.000000,150.000000,"2019-04-05","1","0","1","0","0","0"
406925,151.000000,1415.000000,"2019-04-05","0","0","1","0","0","0"
407117,0.000000,2145.000000,"2019-04-05","0","0","1","0","0","0"
403733,301.000000,1802.000000,"2019-04-06","0","0","1","0","0","0"
403733,1.000000,300.000000,"2019-04-06","0","0","1","1","0","0"
404724,0.000000,1368.000000,"2019-04-06","0","0","1","0","0","0"
406920,181.000000,197.000000,"2019-04-06","0","0","1","1","0","1"
406921,221.000000,449.000000,"2019-04-06","0","0","1","0","0","0"
406921,450.000000,2142.000000,"2019-04-06","0","1","1","0","0","0"
406924,0.000000,700.000000,"2019-04-06","0","0","1","1","0","1"
406924,701.000000,2212.000000,"2019-04-06","0","0","1","1","0","0"
406926,0.000000,1448.000000,"2019-04-06","0","0","1","0","0","0"
407116,0.000000,1422.000000,"2019-04-06","0","0","1","0","0","0"
407120,0.000000,1411.000000,"2019-04-06","0","0","1","0","0","0"
407130,0.000000,2181.000000,"2019-04-06","0","0","1","1","0","0"
391623,0.000000,1297.000000,"2019-04-07","0","0","1","0","0","0"
406012,0.000000,799.000000,"2019-04-07","0","0","1","1","0","0"
406012,800.000000,1029.000000,"2019-04-07","0","0","1","1","1","0"
406429,0.000000,2127.000000,"2019-04-07","0","0","1","0","0","0"
406911,200.000000,1912.000000,"2019-04-07","0","1","0","0","0","0"
406917,0.000000,867.000000,"2019-04-07","0","0","1","0","0","0"
407113,0.000000,90.000000,"2019-04-07","1","0","0","0","0","0"
407132,350.000000,877.000000,"2019-04-07","0","0","1","0","0","0"
407135,0.000000,2382.000000,"2019-04-07","0","0","1","0","0","0"
407137,0.000000,2934.000000,"2019-04-07","0","1","1","1","1","0"
407414,0.000000,1420.000000,"2019-04-07","0","0","1","0","0","0"
407415,600.000000,665.000000,"2019-04-07","0","1","1","1","0","0"
407415,0.000000,1407.000000,"2019-04-07","0","0","1","1","0","0"
407422,0.000000,1046.000000,"2019-04-07","0","0","1","0","0","0"
407423,0.000000,2299.000000,"2019-04-07","0","0","1","0","0","0"
404210,0.000000,682.000000,"2019-04-08","0","0","1","1","0","0"
405811,0.000000,923.000000,"2019-04-08","0","0","1","1","0","0"
405917,0.000000,602.000000,"2019-04-08","1","0","1","1","0","0"
406810,0.000000,1039.000000,"2019-04-08","0","0","0","1","0","0"
406812,0.000000,1238.000000,"2019-04-08","0","0","0","0","1","0"
406918,0.000000,1507.000000,"2019-04-08","0","0","1","0","0","0"
406927,0.000000,1778.000000,"2019-04-08","0","0","0","1","1","0"
406928,414.000000,1403.000000,"2019-04-08","0","0","1","1","0","0"
406929,0.000000,720.000000,"2019-04-08","0","1","1","0","0","0"
406929,721.000000,1423.000000,"2019-04-08","0","0","1","0","0","0"
407011,0.000000,684.000000,"2019-04-08","1","0","1","1","0","0"
407012,30.000000,131.000000,"2019-04-08","1","0","1","1","0","0"
407119,0.000000,2126.000000,"2019-04-08","0","1","1","0","0","0"
407421,1.000000,50.000000,"2019-04-08","0","1","1","0","0","0"
407421,51.000000,1204.000000,"2019-04-08","0","0","1","0","0","0"
407512,0.000000,1417.000000,"2019-04-08","0","0","0","1","1","0"
407818,0.000000,1063.000000,"2019-04-08","0","0","1","0","0","0"
407820,0.000000,819.000000,"2019-04-08","0","0","1","1","0","0"
407820,820.000000,912.000000,"2019-04-08","0","0","1","1","1","0"
408320,0.000000,280.000000,"2019-04-08","1","0","1","1","0","0"
408320,1390.000000,1401.000000,"2019-04-08","0","1","1","1","0","0"
408320,281.000000,1389.000000,"2019-04-08","0","0","1","1","0","0"
408324,0.000000,100.000000,"2019-04-08","1","0","0","0","0","0"
406818,0.000000,2704.000000,"2019-04-09","0","0","1","1","1","0"
407210,1.000000,759.000000,"2019-04-09","0","0","0","0","1","0"
407210,760.000000,2201.000000,"2019-04-09","0","0","0","1","1","0"
407212,0.000000,2269.000000,"2019-04-09","0","0","0","1","1","0"
410213,0.000000,1517.000000,"2019-04-12","0","0","0","0","1","0"
407910,0.000000,2113.000000,"2019-04-13","0","0","1","1","0","0"
409114,0.000000,1546.000000,"2019-04-13","0","0","1","0","0","0"
409116,2.000000,2116.000000,"2019-04-13","0","0","1","0","1","0"
409810,0.000000,1458.000000,"2019-04-13","0","0","1","0","0","0"
410011,0.000000,1460.000000,"2019-04-13","0","0","1","0","0","0"
367736,0.000000,719.000000,"2019-04-14","0","0","1","0","0","0"
406620,850.000000,1200.000000,"2019-04-14","0","0","1","0","0","0"
409612,0.000000,1058.000000,"2019-04-14","0","0","1","0","0","0"
409614,0.000000,696.000000,"2019-04-14","0","0","0","1","0","0"
410010,0.000000,550.000000,"2019-04-14","0","0","0","1","0","0"
410417,0.000000,270.000000,"2019-04-14","0","0","0","1","0","0"
410447,0.000000,1371.000000,"2019-04-14","0","0","1","0","0","0"
411015,0.000000,1511.000000,"2019-04-14","0","0","1","0","0","0"
411021,0.000000,1792.000000,"2019-04-14","0","0","1","1","0","0"
407131,0.000000,579.000000,"2019-04-15","0","0","1","0","0","0"
407131,580.000000,1044.000000,"2019-04-15","1","0","1","0","0","0"
408329,1.000000,2146.000000,"2019-04-15","0","0","1","0","0","0"
410434,3.000000,2121.000000,"2019-04-15","0","0","0","1","0","0"
410441,0.000000,1289.000000,"2019-04-15","0","0","1","0","0","0"
411017,417.000000,1411.000000,"2019-04-15","1","0","1","1","0","0"
411412,0.000000,1169.000000,"2019-04-15","0","0","1","0","0","0"
411713,0.000000,1560.000000,"2019-04-15","0","0","1","0","0","0"
412314,0.000000,2573.000000,"2019-04-15","0","0","1","0","0","0"
412511,0.000000,1380.000000,"2019-04-15","0","0","1","0","0","0"
412914,0.000000,1033.000000,"2019-04-15","1","0","1","1","0","0"
407127,3.000000,1999.000000,"2019-04-16","0","0","1","0","0","0"
407127,2000.000000,2683.000000,"2019-04-16","0","0","1","1","0","0"
408325,800.000000,2241.000000,"2019-04-16","0","0","0","1","0","0"
408326,0.000000,2721.000000,"2019-04-16","0","0","0","1","0","0"
408330,1.000000,1510.000000,"2019-04-16","0","0","1","0","0","0"
408910,0.000000,2139.000000,"2019-04-16","0","0","1","1","0","0"
409117,1.000000,1200.000000,"2019-04-16","0","0","0","1","0","0"
410411,3.000000,2091.000000,"2019-04-16","0","0","1","1","0","0"
410422,0.000000,1412.000000,"2019-04-16","0","0","1","0","0","0"
410424,119.000000,1756.000000,"2019-04-16","0","0","1","0","0","0"
410426,650.000000,1800.000000,"2019-04-16","0","1","0","1","0","0"
410426,2.000000,2556.000000,"2019-04-16","0","0","0","1","0","0"
410444,0.000000,1458.000000,"2019-04-16","0","0","1","1","0","0"
410712,3.000000,2136.000000,"2019-04-16","0","0","1","0","0","0"
411711,1.000000,1891.000000,"2019-04-16","0","0","1","0","0","0"
411712,0.000000,1538.000000,"2019-04-16","0","0","1","0","0","0"
412313,0.000000,2602.000000,"2019-04-16","0","0","1","0","0","0"
412316,0.000000,2127.000000,"2019-04-16","0","0","1","1","0","0"
412512,1.000000,1913.000000,"2019-04-16","0","0","1","0","0","0"
408735,0.000000,2313.000000,"2019-04-18","0","0","1","1","0","0"
411111,0.000000,1024.000000,"2019-04-18","0","0","1","0","0","0"
412023,0.000000,1046.000000,"2019-04-18","0","0","1","0","0","0"
412024,0.000000,1055.000000,"2019-04-18","0","0","1","0","0","0"
412410,351.000000,1398.000000,"2019-04-18","0","0","1","0","0","0"
412410,4.000000,350.000000,"2019-04-18","1","0","1","0","0","0"
412411,2.000000,2114.000000,"2019-04-18","0","0","1","1","0","0"
412710,0.000000,1031.000000,"2019-04-18","0","0","1","0","0","0"
412711,0.000000,1107.000000,"2019-04-18","0","0","1","1","0","0"
413210,0.000000,1444.000000,"2019-04-18","0","0","1","1","0","0"
413311,0.000000,1107.000000,"2019-04-18","0","0","1","1","0","0"
413312,3.000000,2091.000000,"2019-04-18","0","0","1","1","0","0"
413313,1.000000,2076.000000,"2019-04-18","0","1","1","1","0","0"
407118,854.000000,1480.000000,"2019-04-19","0","0","1","1","0","0"
410910,0.000000,685.000000,"2019-04-19","0","0","1","0","0","0"
411110,0.000000,678.000000,"2019-04-19","0","0","1","0","0","0"
413415,0.000000,1055.000000,"2019-04-19","0","0","1","0","0","0"
413417,0.000000,390.000000,"2019-04-19","0","1","1","0","1","0"
413417,391.000000,1403.000000,"2019-04-19","0","1","1","0","0","0"
413421,4.000000,2147.000000,"2019-04-19","0","1","1","1","0","0"
413424,2.000000,2099.000000,"2019-04-19","0","1","1","1","0","0"
413425,4.000000,649.000000,"2019-04-19","0","0","0","1","0","0"
413425,650.000000,2092.000000,"2019-04-19","0","1","0","1","0","0"
413924,1.000000,1508.000000,"2019-04-19","0","0","1","0","0","0"
413925,0.000000,1542.000000,"2019-04-19","0","0","1","1","0","0"
413944,0.000000,1423.000000,"2019-04-19","0","0","1","1","0","0"
413946,350.000000,2163.000000,"2019-04-19","0","0","0","1","0","0"
413948,0.000000,1074.000000,"2019-04-19","0","0","1","0","0","0"
413949,0.000000,1420.000000,"2019-04-19","0","0","1","1","0","0"
414336,0.000000,1442.000000,"2019-04-19","0","0","1","1","0","0"
414337,19.000000,1455.000000,"2019-04-19","0","0","1","1","0","0"
414338,0.000000,1237.000000,"2019-04-19","0","0","1","0","1","0"
414519,0.000000,50.000000,"2019-04-19","0","0","1","0","1","0"
414519,51.000000,1520.000000,"2019-04-19","0","0","1","0","0","0"
414522,0.000000,1059.000000,"2019-04-19","0","0","1","0","0","0"
407311,500.000000,614.000000,"2019-04-20","0","1","1","0","0","0"
407311,450.000000,499.000000,"2019-04-20","0","1","0","0","0","0"
407313,251.000000,826.000000,"2019-04-20","0","0","1","0","0","0"
407313,0.000000,250.000000,"2019-04-20","0","0","1","0","0","1"
411138,0.000000,687.000000,"2019-04-20","0","0","1","0","0","0"
411139,0.000000,680.000000,"2019-04-20","0","0","1","0","0","0"
412010,0.000000,611.000000,"2019-04-20","0","0","1","0","0","0"
412022,0.000000,587.000000,"2019-04-20","0","0","1","0","0","0"
412918,320.000000,558.000000,"2019-04-20","1","1","0","0","0","0"
412918,90.000000,319.000000,"2019-04-20","1","0","0","0","0","0"
413414,0.000000,1128.000000,"2019-04-20","0","0","1","0","0","0"
413922,0.000000,706.000000,"2019-04-20","0","0","1","0","0","0"
413923,0.000000,1523.000000,"2019-04-20","0","0","1","0","0","0"
414324,3.000000,2195.000000,"2019-04-20","0","0","1","1","0","0"
414327,1.000000,2176.000000,"2019-04-20","0","0","1","1","0","0"
414331,0.000000,2197.000000,"2019-04-20","0","0","1","1","0","0"
414335,0.000000,1447.000000,"2019-04-20","0","0","1","1","0","0"
414517,0.000000,1394.000000,"2019-04-20","0","0","1","0","0","0"
414610,0.000000,1504.000000,"2019-04-20","0","0","1","0","0","0"
414611,0.000000,980.000000,"2019-04-20","0","0","1","0","0","0"
414713,2.000000,1708.000000,"2019-04-20","0","0","1","1","0","0"
414723,0.000000,1797.000000,"2019-04-20","0","1","1","1","0","0"
414728,0.000000,1444.000000,"2019-04-20","0","0","1","0","0","0"
415111,0.000000,1260.000000,"2019-04-20","0","1","1","1","0","0"
415111,531.000000,1910.000000,"2019-04-20","0","0","1","1","0","0"
412315,7.000000,2314.000000,"2019-04-21","0","0","1","1","0","0"
414539,3.000000,2147.000000,"2019-04-21","0","0","1","0","0","0"
415112,0.000000,2269.000000,"2019-04-21","0","0","1","1","0","0"
415823,2.000000,1780.000000,"2019-04-21","0","0","1","1","0","0"
415512,0.000000,1660.000000,"2019-04-23","0","0","1","0","0","0"
415824,1.000000,1877.000000,"2019-04-23","0","0","1","0","0","0"
410423,1.000000,2115.000000,"2019-04-24","0","0","1","1","0","0"
413950,0.000000,1405.000000,"2019-04-24","0","0","1","1","0","0"
414322,1100.000000,1416.000000,"2019-04-24","0","0","1","0","0","0"
414325,683.000000,2239.000000,"2019-04-24","0","0","1","1","0","0"
414326,0.000000,2212.000000,"2019-04-24","0","0","1","1","0","0"
414332,1.000000,2107.000000,"2019-04-24","0","0","1","1","0","0"
414716,0.000000,1300.000000,"2019-04-24","0","0","1","1","0","0"
414716,1301.000000,1513.000000,"2019-04-24","0","0","0","1","0","0"
414716,290.000000,375.000000,"2019-04-24","1","0","1","1","0","0"
414717,430.000000,1300.000000,"2019-04-24","0","0","1","1","0","0"
414717,1301.000000,2136.000000,"2019-04-24","0","0","1","0","0","0"
414719,5.000000,1787.000000,"2019-04-24","0","0","1","1","0","0"
414721,5.000000,2160.000000,"2019-04-24","0","0","1","1","0","0"
414722,0.000000,1267.000000,"2019-04-24","0","0","1","1","0","0"
414725,0.000000,1730.000000,"2019-04-24","0","0","1","1","0","0"
414912,1.000000,1917.000000,"2019-04-24","0","0","1","0","0","0"
414914,0.000000,2269.000000,"2019-04-24","0","0","1","0","0","0"
415513,3.000000,2275.000000,"2019-04-24","0","0","1","1","0","0"
415514,1.000000,2281.000000,"2019-04-24","0","0","1","0","0","0"
415515,0.000000,2239.000000,"2019-04-24","0","0","0","1","0","0"
415827,0.000000,2624.000000,"2019-04-24","0","0","1","0","0","0"
413916,0.000000,588.000000,"2019-04-25","0","0","1","0","0","0"
414317,0.000000,130.000000,"2019-04-25","0","1","0","0","1","0"
414317,131.000000,958.000000,"2019-04-25","0","0","0","0","1","0"
415814,0.000000,580.000000,"2019-04-25","0","0","1","1","1","0"
414720,0.000000,1389.000000,"2019-04-26","0","0","0","1","0","0"
416316,0.000000,1033.000000,"2019-04-27","0","1","1","0","0","0"
417210,0.000000,803.000000,"2019-04-27","0","0","0","1","0","0"
417227,0.000000,1225.000000,"2019-04-27","0","1","1","0","0","0"
418319,0.000000,1038.000000,"2019-04-27","0","0","1","0","0","0"
418325,0.000000,1083.000000,"2019-04-27","0","1","0","0","0","0"
414718,0.000000,788.000000,"2019-04-28","0","0","1","0","0","0"
417226,0.000000,1226.000000,"2019-04-28","0","0","1","0","0","0"
417614,0.000000,1536.000000,"2019-04-28","1","0","1","1","0","0"
417815,1.000000,1293.000000,"2019-04-28","1","0","0","0","0","0"
418110,90.000000,200.000000,"2019-04-28","1","0","0","0","0","0"
418314,0.000000,598.000000,"2019-04-28","0","0","1","0","0","0"
418315,20.000000,28.000000,"2019-04-28","0","0","1","0","0","0"
418327,0.000000,694.000000,"2019-04-28","0","0","1","0","0","0"
418341,0.000000,926.000000,"2019-04-28","0","0","1","0","0","0"
418348,0.000000,914.000000,"2019-04-28","0","0","1","0","0","0"
418349,67.000000,79.000000,"2019-04-28","0","1","1","0","0","0"
418811,0.000000,1533.000000,"2019-04-28","0","0","1","1","0","0"
417610,0.000000,839.000000,"2019-04-29","1","0","1","1","0","0"
417611,0.000000,1077.000000,"2019-04-29","0","0","1","1","0","0"
417812,0.000000,722.000000,"2019-04-29","0","0","1","0","0","0"
417812,200.000000,500.000000,"2019-04-29","0","1","1","0","0","0"
417813,0.000000,1081.000000,"2019-04-29","0","0","1","1","0","0"
418111,1.000000,1079.000000,"2019-04-29","0","0","1","1","0","0"
418113,0.000000,975.000000,"2019-04-29","0","1","1","1","0","0"
418313,873.000000,1071.000000,"2019-04-29","0","0","1","1","0","0"
413951,3.000000,1800.000000,"2019-04-30","0","0","0","1","0","0"
414339,0.000000,1406.000000,"2019-04-30","0","0","1","0","0","0"
418316,1.000000,2198.000000,"2019-04-30","0","0","0","1","0","0"
418317,1300.000000,2179.000000,"2019-04-30","0","0","1","1","0","0"
418812,0.000000,1505.000000,"2019-04-30","0","0","1","0","0","0"
418816,0.000000,1130.000000,"2019-04-30","0","0","1","0","0","0"
418818,0.000000,2173.000000,"2019-04-30","0","0","1","1","0","0"
418819,0.000000,1424.000000,"2019-04-30","0","0","1","1","0","0"
418820,1.000000,2153.000000,"2019-04-30","0","1","0","1","0","0"
418820,401.000000,1869.000000,"2019-04-30","0","0","0","1","0","0"
418838,0.000000,1098.000000,"2019-04-30","1","1","0","1","0","0"
419214,0.000000,893.000000,"2019-04-30","0","0","1","0","0","0"
419215,60.000000,60.000000,"2019-04-30","0","0","1","0","1","0"
419215,44.000000,893.000000,"2019-04-30","0","0","1","0","0","0"
419218,0.000000,1436.000000,"2019-04-30","0","0","1","0","0","0"
419219,0.000000,1384.000000,"2019-04-30","0","0","1","0","1","0"
419220,0.000000,2082.000000,"2019-04-30","0","0","0","1","0","0"
419221,1.000000,2193.000000,"2019-04-30","0","1","1","1","0","0"
419223,0.000000,2179.000000,"2019-04-30","0","0","0","1","0","0"
419226,0.000000,2030.000000,"2019-04-30","0","1","1","1","0","0"
419230,101.000000,1818.000000,"2019-04-30","0","0","0","1","0","0"
419230,1.000000,100.000000,"2019-04-30","0","1","0","1","0","0"
419234,0.000000,1020.000000,"2019-04-30","0","0","1","0","0","0"
419510,0.000000,694.000000,"2019-04-30","0","0","1","0","0","0"
419513,93.000000,1061.000000,"2019-04-30","0","0","1","0","0","0"
419518,0.000000,1020.000000,"2019-04-30","0","0","0","0","1","0"
419519,0.000000,1040.000000,"2019-04-30","0","0","1","0","0","0"
420514,0.000000,1904.000000,"2019-04-30","0","0","1","0","0","0"
420517,0.000000,1129.000000,"2019-04-30","0","0","1","0","0","0"
419240,1800.000000,2783.000000,"2019-05-02","0","0","1","1","1","0"
419240,1420.000000,1799.000000,"2019-05-02","0","0","1","0","1","0"
419240,0.000000,1419.000000,"2019-05-02","0","0","1","0","0","0"
409331,0.000000,930.000000,"2019-05-04","0","0","0","1","0","0"
411212,0.000000,330.000000,"2019-05-04","0","1","0","0","0","0"
411245,0.000000,813.000000,"2019-05-04","0","0","1","0","0","0"
414210,0.000000,0.000000,"2019-05-04","0","0","0","1","0","0"
418822,0.000000,1028.000000,"2019-05-04","0","0","1","1","0","0"
419711,92.000000,699.000000,"2019-05-04","0","0","0","1","0","0"
419711,700.000000,1320.000000,"2019-05-04","0","1","0","1","0","0"
420512,0.000000,1028.000000,"2019-05-04","0","0","0","1","0","0"
420518,0.000000,1176.000000,"2019-05-04","0","0","1","0","0","0"
421017,42.000000,160.000000,"2019-05-04","0","0","0","1","0","0"
421018,0.000000,1059.000000,"2019-05-04","0","0","1","0","0","0"
421019,0.000000,1046.000000,"2019-05-04","0","0","0","1","0","0"
399111,1.000000,110.000000,"2019-05-06","1","0","0","0","0","0"
416111,800.000000,1049.000000,"2019-05-06","0","0","1","0","1","0"
416111,0.000000,799.000000,"2019-05-06","0","0","0","0","1","0"
417711,0.000000,120.000000,"2019-05-06","1","0","0","0","0","0"
419217,563.000000,1442.000000,"2019-05-06","0","0","1","0","0","0"
419237,51.000000,2172.000000,"2019-05-06","0","0","1","0","0","0"
419424,0.000000,1778.000000,"2019-05-06","0","0","1","0","0","0"
419538,810.000000,1403.000000,"2019-05-06","1","0","0","0","0","0"
419922,0.000000,2000.000000,"2019-05-06","0","0","1","1","0","0"
419922,2001.000000,2730.000000,"2019-05-06","0","0","1","0","0","0"
419932,0.000000,2643.000000,"2019-05-06","0","0","1","1","0","0"
420310,0.000000,900.000000,"2019-05-06","0","0","1","0","1","0"
420310,901.000000,1048.000000,"2019-05-06","0","0","0","0","1","0"
420311,0.000000,1048.000000,"2019-05-06","0","0","1","0","1","0"
420313,0.000000,2600.000000,"2019-05-06","0","0","1","1","0","0"
420411,264.000000,1736.000000,"2019-05-06","0","0","1","0","0","0"
420412,310.000000,1437.000000,"2019-05-06","0","0","0","0","1","0"
420913,750.000000,1500.000000,"2019-05-06","0","0","0","1","0","0"
420914,0.000000,1300.000000,"2019-05-06","0","0","1","0","0","1"
420914,1301.000000,2125.000000,"2019-05-06","0","0","1","0","0","0"
421111,0.000000,1669.000000,"2019-05-06","0","0","1","0","0","0"
421111,1670.000000,1730.000000,"2019-05-06","0","0","1","0","1","0"
420820,40.000000,1150.000000,"2019-05-07","0","1","0","0","0","0"
416717,0.000000,2752.000000,"2019-05-08","0","0","1","0","0","0"
419547,0.000000,1800.000000,"2019-05-08","0","0","1","0","0","0"
420516,0.000000,669.000000,"2019-05-08","0","0","1","0","0","1"
422133,1.000000,1830.000000,"2019-05-08","0","0","1","0","0","0"
422317,0.000000,583.000000,"2019-05-08","1","0","1","0","0","1"
422319,7.000000,15.000000,"2019-05-08","0","0","1","0","0","1"
422320,0.000000,300.000000,"2019-05-08","1","0","1","0","0","1"
422320,301.000000,679.000000,"2019-05-08","0","0","1","0","0","1"
422322,0.000000,1505.000000,"2019-05-08","0","0","1","0","0","0"
422323,0.000000,1202.000000,"2019-05-08","0","0","1","0","1","0"
422515,0.000000,705.000000,"2019-05-08","0","0","1","0","0","1"
422520,0.000000,1713.000000,"2019-05-08","0","0","1","0","0","0"
422521,0.000000,1420.000000,"2019-05-08","0","0","1","0","0","0"
422529,0.000000,706.000000,"2019-05-08","0","0","1","0","0","1"
422530,0.000000,520.000000,"2019-05-08","0","0","1","0","0","1"
422530,521.000000,591.000000,"2019-05-08","0","0","1","0","0","0"
422617,535.000000,2201.000000,"2019-05-08","0","0","1","0","0","0"
422618,0.000000,2180.000000,"2019-05-08","0","0","1","0","0","0"
422718,0.000000,953.000000,"2019-05-08","1","0","1","0","0","0"
422719,0.000000,1759.000000,"2019-05-08","0","0","1","0","0","0"
422720,0.000000,1418.000000,"2019-05-08","0","0","1","0","1","0"
422916,0.000000,375.000000,"2019-05-08","1","0","1","0","0","1"
422916,376.000000,828.000000,"2019-05-08","0","0","1","0","0","1"
422917,0.000000,1060.000000,"2019-05-08","1","0","1","0","0","0"
422917,250.000000,700.000000,"2019-05-08","1","0","1","0","0","1"
422925,1.000000,2144.000000,"2019-05-08","0","0","1","0","0","0"
422717,0.000000,1047.000000,"2019-05-10","0","0","1","1","0","1"
422923,112.000000,1088.000000,"2019-05-10","0","0","1","1","0","1"
422924,0.000000,1072.000000,"2019-05-10","0","0","1","1","0","1"
423219,3.000000,846.000000,"2019-05-10","0","0","1","1","0","1"
423414,0.000000,1059.000000,"2019-05-10","0","0","1","0","0","1"
424012,0.000000,729.000000,"2019-05-10","0","0","1","1","0","0"
424012,730.000000,1394.000000,"2019-05-10","0","0","1","1","1","0"
421912,0.000000,1542.000000,"2019-05-11","0","0","1","1","0","1"
422528,0.000000,2174.000000,"2019-05-11","0","0","1","0","0","0"
422528,305.000000,306.000000,"2019-05-11","0","0","1","0","0","1"
422915,0.000000,90.000000,"2019-05-11","1","0","1","1","0","1"
422915,91.000000,1091.000000,"2019-05-11","0","0","1","1","0","1"
422918,0.000000,1061.000000,"2019-05-11","0","0","1","0","0","0"
423232,0.000000,976.000000,"2019-05-11","0","0","1","1","0","1"
423614,4.000000,899.000000,"2019-05-11","0","0","1","1","0","1"
423614,900.000000,1436.000000,"2019-05-11","1","0","1","1","0","1"
423615,0.000000,1145.000000,"2019-05-11","0","1","1","1","0","0"
423615,1146.000000,1782.000000,"2019-05-11","0","0","1","1","0","0"
423618,0.000000,2118.000000,"2019-05-11","0","0","1","1","0","0"
423632,0.000000,2611.000000,"2019-05-11","0","0","1","1","0","0"
423715,0.000000,851.000000,"2019-05-11","0","0","1","1","0","1"
423716,184.000000,1460.000000,"2019-05-11","0","0","1","1","0","0"
423717,605.000000,1444.000000,"2019-05-11","0","0","1","1","0","1"
423719,0.000000,1425.000000,"2019-05-11","0","0","1","1","0","0"
423731,0.000000,1448.000000,"2019-05-11","0","0","1","0","0","0"
423919,0.000000,1773.000000,"2019-05-11","0","0","1","1","0","0"
417413,0.000000,674.000000,"2019-05-12","0","0","1","0","0","0"
422347,0.000000,1047.000000,"2019-05-12","0","0","1","0","0","0"
422517,0.000000,2155.000000,"2019-05-12","0","0","1","1","0","0"
422712,0.000000,1055.000000,"2019-05-12","0","0","1","0","0","0"
422936,0.000000,2218.000000,"2019-05-12","0","0","1","1","0","1"
423226,0.000000,2215.000000,"2019-05-12","0","0","1","1","0","1"
423920,0.000000,1418.000000,"2019-05-12","0","0","1","0","0","0"
423922,0.000000,2151.000000,"2019-05-12","0","0","1","1","0","0"
423923,782.000000,1435.000000,"2019-05-12","0","0","1","0","0","1"
423924,0.000000,1777.000000,"2019-05-12","0","0","1","0","0","0"
423924,170.000000,230.000000,"2019-05-12","1","0","1","0","0","0"
424013,0.000000,1400.000000,"2019-05-12","0","0","1","0","1","0"
424019,38.000000,2156.000000,"2019-05-12","0","0","1","1","0","0"
424020,129.000000,2179.000000,"2019-05-12","0","0","1","0","1","0"
424023,0.000000,2077.000000,"2019-05-12","0","0","1","0","0","0"
424025,131.000000,1835.000000,"2019-05-12","0","0","1","0","0","0"
424026,1.000000,2229.000000,"2019-05-12","0","0","1","1","1","0"
424828,0.000000,1403.000000,"2019-05-12","0","0","1","0","0","0"
423217,231.000000,1075.000000,"2019-05-13","0","0","1","1","0","0"
423217,0.000000,230.000000,"2019-05-13","0","1","1","1","0","0"
423911,0.000000,1506.000000,"2019-05-13","0","0","1","0","0","1"
423935,64.000000,479.000000,"2019-05-13","0","0","1","0","0","0"
423935,480.000000,1040.000000,"2019-05-13","0","1","1","0","0","0"
424214,0.000000,1549.000000,"2019-05-13","0","0","1","0","0","1"
424222,0.000000,1581.000000,"2019-05-13","0","0","1","0","0","1"
424223,1.000000,1540.000000,"2019-05-13","0","0","1","0","0","1"
424225,0.000000,2084.000000,"2019-05-13","0","0","1","0","1","0"
424323,0.000000,809.000000,"2019-05-13","0","0","1","0","0","0"
425121,0.000000,1479.000000,"2019-05-13","0","0","0","0","1","0"
425123,0.000000,1667.000000,"2019-05-13","0","0","1","0","0","1"
424710,0.000000,1535.000000,"2019-05-14","0","0","1","0","0","0"
425012,0.000000,200.000000,"2019-05-14","0","0","1","0","0","0"
421317,0.000000,822.000000,"2019-05-15","1","0","1","1","0","1"
423914,250.000000,694.000000,"2019-05-15","1","1","1","1","0","1"
423914,0.000000,249.000000,"2019-05-15","1","0","1","1","0","1"
423918,0.000000,1061.000000,"2019-05-15","0","0","1","0","0","1"
423930,1.000000,967.000000,"2019-05-15","1","0","1","1","0","1"
423932,0.000000,1223.000000,"2019-05-15","0","0","0","0","0","1"
423934,0.000000,1455.000000,"2019-05-15","0","0","1","0","0","1"
424220,0.000000,1554.000000,"2019-05-15","0","0","1","0","0","1"
424221,1390.000000,1567.000000,"2019-05-15","0","0","0","0","0","1"
424224,1.000000,1554.000000,"2019-05-15","0","0","1","0","0","0"
424529,3.000000,2202.000000,"2019-05-15","0","0","0","1","0","1"
424810,0.000000,1083.000000,"2019-05-15","1","0","1","1","0","0"
425010,0.000000,1068.000000,"2019-05-15","1","0","1","1","0","1"
425011,0.000000,995.000000,"2019-05-15","1","0","1","1","0","1"
425111,1.000000,1329.000000,"2019-05-15","0","0","1","0","0","1"
425120,2.000000,1518.000000,"2019-05-15","0","0","1","0","0","0"
426151,0.000000,1374.000000,"2019-05-15","0","0","1","0","0","0"
426152,0.000000,2518.000000,"2019-05-15","0","0","1","0","0","1"
426213,0.000000,1408.000000,"2019-05-15","0","0","1","0","0","1"
424016,0.000000,1941.000000,"2019-05-16","0","1","1","1","0","0"
424313,0.000000,1370.000000,"2019-05-16","0","0","1","0","0","0"
424712,1.000000,889.000000,"2019-05-16","0","0","1","1","0","0"
424712,890.000000,1059.000000,"2019-05-16","0","1","1","1","0","0"
425612,0.000000,2055.000000,"2019-05-16","0","0","1","1","0","0"
426214,0.000000,292.000000,"2019-05-16","0","0","1","0","0","0"
